DOI,appropriate,reason,electrolyte_confirmed,additive_full_name,additive_abbr_name,boron_additive_full_name,boron_additive_abbr_name
10.1021/acsenergylett.5c01343,Yes,Reasonable,Methyl acetate (MA) with 0.1 M TPFPB + 0.3 M LiF and additives LiDFOB and FEC,"Lithium Difluoro(oxalato)borate, Fluoroethylene carbonate, Tris(pentafluorophenyl)borane","LiDFOB, FEC, TPFPB","Lithium Difluoro(oxalato)borate, Tris(pentafluorophenyl)borane","LiDFOB, TPFPB"
10.1149/2.0191701jes,Yes,Reasonable,"1M LiPF6 in EMC with enablers like FEC, VC, MEC, or DiFEC","Fluoroethylene Carbonate (FEC), Vinylene Carbonate (VC), Methylene-Ethylene Carbonate (MEC), Difluoroethylene Carbonate (DiFEC)","FEC, VC, MEC, DiFEC",Not found,Not found
10.1016/j.jpowsour.2015.08.084,Yes,Reasonable,1.0 M LiPF6 in ethylene carbonate (EC):ethyl methyl carbonate (EMC) (3:7 by weight),"Vinylene carbonate (VC), Prop-1-ene-1,3-sultone (PES), Pyridine-boron trifluoride (PBF), Methylene methanedisulfonate (MMDS), Tris(trimethylsilyl) phosphite (TTSPi), Pyrazine di-boron trifluoride (PRZ)","VC, PES, PBF, MMDS, TTSPi, PRZ","Pyridine-boron trifluoride, Pyrazine di-boron trifluoride","PBF, PRZ"
10.1021/acs.jpcc.0c09616,No,"Additive not found in the provided information, so it cannot be determined if it is appropriate for the battery's electrolyte requirements.",Not found,Not found,Not found,Not found,Not found
10.1016/j.jssc.2013.12.006,No,"Additive is not found, indicating it may not be present or specified, which could be inappropriate for the battery's electrolyte requirements.",Not found,Not found,Not found,Not found,Not found
10.1016/j.electacta.2009.11.082,No,Additive not found in the provided information.,30% KOH solution,Not found,Not found,Not found,Not found
10.1021/acs.jpcc.1c01437,Not found,Not found,Not found,Not found,Not found,Not found,Not found
10.1039/c9ra07781b,No,"Additive is not found, which may not meet the battery's electrolyte requirements as additives are often necessary for performance enhancement or stability.",Not found,Not found,Not found,Not found,Not found
10.1002/batt.202100124,Yes,Reasonable,3 mol L-1 NaPF6 in ethylene carbonate (EC): ethyl methyl carbonate (EMC) = 1:1 with 10% fluoroethylene carbonate (FEC),Fluoroethylene carbonate,FEC,Not found,Not found
10.1021/acs.chemmater.9b02916,No,"The additive Boron-based polyanion (B2O3) with species like BOx- and LiBO2- is not a standard or commonly accepted additive for lithium-ion batteries; it may not provide the intended benefits such as solid electrolyte interface (SEI) formation or stability, and could potentially lead to issues like poor conductivity or decomposition.",Not found,Not found,Not found,Not found,Not found
10.1021/acsami.6b05403,Not found,Not found,1M lithium bis(trifluoromethanesulfonyl)imide (LiTFSI) in tetraethylene glycol dimethyl ether (TEGDME),Not found,Not found,Not found,Not found
10.1002/sstr.202500157,Yes,Reasonable,"Pyr14Cl/(BCl3)0.25/(δ-MgCl2)x, where 0 ≤ x ≤ 0.095",Boron trichloride and δ-MgCl2,"BCl3, δ-MgCl2",Boron trichloride,BCl3
10.1039/d0ee01569e,No,Additive not found in the provided information,Na4(CB11H12)2(B12H12),Not found,Not found,Not found,Not found
10.1016/S0378-7753(99)00049-X,Yes,Reasonable,"Various compositions including PC-THF, EC-THF, PC-DME with additives like LBBB, LBNB, LBBPB","Lithium bis(1,2-benzenediolato(2-)-O,O') borate (LBBB), Lithium bis(2,3-naphthalenediolato(2-)-O,O') borate (LBNB), Lithium bis(2,2'-biphenyldiolato(2-)-O,O') borate (LBBPB)","LBBB, LBNB, LBBPB","Lithium bis(1,2-benzenediolato(2-)-O,O') borate, Lithium bis(2,3-naphthalenediolato(2-)-O,O') borate, Lithium bis(2,2'-biphenyldiolato(2-)-O,O') borate","LBBB, LBNB, LBBPB"
10.1002/aenm.202501074,No,"The additive information is not found in the provided context, as the paper discusses boron alloying in silicon rather than electrolyte additives.",Not found,Not found,Not found,Not found,Not found
10.1039/c8ra01676c,Not found,Not found,Not found,Not found,Not found,Not found,Not found
10.1021/acsami.9b17438,Yes,Reasonable,1M LiPF6 in EC/EMC (v/v=1:1 or 1:2 by volume) with or without TMSB additive,tris(trimethylsilyl) borate,TMSB,tris(trimethylsilyl) borate,TMSB
10.1002/anie.201602504,Not found,Not found,1M NaClO4 in tetraethylene glycol dimethyl ether (TEGDME),Not found,Not found,Not found,Not found
10.1007/s11051-018-4451-8,Not found,Not found,"1 M LiTFSI and 0.1 M LiNO3 in a mixed solvent of 1,3-dioxolane (DOL) and 1,2-dimethoxy ethane (DME) (1:1, v/v)",Not found,Not found,Not found,Not found
10.1002/adma.201803533,No,"Electrolyte and additive information not provided or found, so cannot determine appropriateness.",Not found,Not found,Not found,Not found,Not found
10.1002/celc.201900411,Not found,Not found,1 M LiPF6 in a mixture of ethylene carbonate (EC) and diethyl carbonate (DEC) (1 : 1 by volume),Not found,Not found,Not found,Not found
10.1016/j.jpowsour.2007.05.100,Yes,Reasonable,Not found,"Lithium bis[croconato]borate (LBCB), Lithium [croconato salicylato]borate (LCSB)","LBCB, LCSB","Lithium bis[croconato]borate, Lithium [croconato salicylato]borate","LBCB, LCSB"
10.1002/anie.201310317,No,"The additive is not found, which means it is not specified or present, making it inappropriate for any battery electrolyte requirements.",Not found,Not found,Not found,Not found,Not found
10.1002/adfm.201807974,No,"Additive not found in the provided information, which may not meet battery electrolyte requirements.",Not found,Not found,Not found,Not found,Not found
10.1016/j.jpowsour.2012.12.105,Yes,Reasonable,1M LiPF6 in EC:DMC (1:1 by wt.),"Lithium bis(salicylato)borate (LiBSB), Lithium bis(oxalato)borate (LiBOB), Lithium salicylatooxalatoborate (LiSOB), Lithium bis(3-methylsalicylato)borate (LiBMSB), Lithium bis(5-fluorosalicylato)borate (LiBFSB), Lithium bis(5-chlorosalicylato)borate (LiBClSB), Lithium bis(5-bromosalicylato)borate (LiBBrSB), Lithium bis(3,5-dichlorosalicylato)borate (LiBCl2SB)","LiBSB, LiBOB, LiSOB, LiBMSB, LiBFSB, LiBClSB, LiBBrSB, LiBCl2SB","Lithium bis(salicylato)borate, Lithium bis(oxalato)borate, Lithium salicylatooxalatoborate, Lithium bis(3-methylsalicylato)borate, Lithium bis(5-fluorosalicylato)borate, Lithium bis(5-chlorosalicylato)borate, Lithium bis(5-bromosalicylato)borate, Lithium bis(3,5-dichlorosalicylato)borate","LiBSB, LiBOB, LiSOB, LiBMSB, LiBFSB, LiBClSB, LiBBrSB, LiBCl2SB"
10.1021/acsaem.8b01764,No,"Lithium nitrate (LiNO₃) and Lithium polysulfide (Li₂S₈) are not suitable additives for a standard LiPF₆-based electrolyte in lithium-ion batteries; LiNO₃ is typically used in lithium-sulfur batteries to stabilize the cathode, and Li₂S₈ is a component in lithium-sulfur systems that can lead to side reactions and reduced performance in non-sulfur batteries.",Not found,Not found,Not found,Not found,Not found
10.1016/j.xcrp.2020.100217,No,"Electrolyte and additive information not provided or found, making it impossible to assess appropriateness.",Not found,Not found,Not found,Not found,Not found
10.1039/c6cp02409b,No,"Electrolyte and additive information is not provided or found, making it impossible to assess appropriateness.",Not found,Not found,Not found,Not found,Not found
10.1016/j.jechem.2025.06.006,Yes,Reasonable,"1 M NaPF6 in propylene carbonate with 5% fluoroethylene carbonate (for room temperature), 1 M NaPF6 in ethylene glycol dimethyl ether (for low temperature)",Fluoroethylene carbonate,FEC,Not found,Not found
10.1016/j.jpowsour.2018.12.016,No,"Additive is not found, so it cannot be determined if it is appropriate or reasonable.",1 M LiTFSI in tetraglyme,Not found,Not found,Not found,Not found
10.1149/2.0411510jes,No,"The additives Pyridine Boron Trifluoride (PBF), Pyrazine Boron Trifluoride (PRZ), and Triazine Boron Trifluoride (TRIZIN) are not commonly used or appropriate for standard lithium-ion battery electrolytes, as they may introduce instability or incompatibility with the LiPF6 salt and carbonate solvents.",Not found,Not found,Not found,Not found,Not found
10.1002/cssc.201601104,No,"The additive 'Not found' is not specified or provided, making it impossible to determine appropriateness for the battery's electrolyte requirements.",Not found,Not found,Not found,Not found,Not found
10.1002/smll.202002671,No,"Additive not found in the provided information, so it cannot be determined if it is appropriate.",1 M NaClO4 in EC/PC,Not found,Not found,Not found,Not found
10.5796/electrochemistry.83.452,No,Additive not found in the provided information.,1 M-NaPF6/EC+DEC (1:1),Not found,Not found,Not found,Not found
10.1016/j.jallcom.2015.11.038,Not found,Not found,1.0 M lithium hexafluorophosphate (LiPF6) dissolved in a mixture of ethylene carbonate (EC) and diethyl carbonate (DEC) with a volume ratio of 1:1,Not found,Not found,Not found,Not found
10.1039/c8ta09380f,Yes,Reasonable,1 M LiPF6 in EC/EMC (3:7 by wt.) with 1 wt% TPFPB,tris(pentafluorophenyl)borane (TPFPB),TPFPB,tris(pentafluorophenyl)borane,TPFPB
10.1021/acs.energyfuels.5c02545,Yes,Reasonable,1 M LiTFSI and 1 wt% LiNO3 in a 1:1 by volume solution of DOL and DME,Lithium nitrate,LiNO3,Not found,Not found
10.1002/adfm.202010611,Yes,Reasonable,"Lithium bis(trifluoromethanesulfonyl)imide/lithium bis(oxalato)borate (LiTFSI:LiBOB = 0.95:0.05 by mol) in a mixture of fluoroethylene carbonate (FEC)/1,1,2,2-tetrafluoroethyl-2',2',2'-trifluoroethylether (HFE)/methyl(2,3,3,3-tetrafluoro-2-(2,2,3,4,4,4-hexafluoro-3-(perfluoropropoxy)butoxy)propyl) carbonate (PFEMC) (FEC:HFE:PFEMC = 1:1:4 by weight)",Lithium bis(oxalato)borate,LiBOB,Lithium bis(oxalato)borate,LiBOB
10.1039/c7ee00244k,No,"Electrolyte and additive information not provided, so appropriateness cannot be determined.",Not found,Not found,Not found,Not found,Not found
10.1021/nl503125u,Yes,Reasonable,1 M LiPF6 in ethylene carbonate (EC)/diethyl carbonate (DEC),Not found,Not found,Not found,Not found
10.1039/c9ta13862e,No,"Electrolyte and additive information not provided, so appropriateness cannot be determined.",Not found,Not found,Not found,Not found,Not found
10.1039/c8ta10498k,Not found,Not found,Not found,Not found,Not found,Not found,Not found
10.1016/j.jpowsour.2019.04.051,Not found,Not found,1 mol L−1 LiPF6 in ethylene carbonate/dimethyl carbonate,Not found,Not found,Not found,Not found
10.1021/acsami.8b02519,No,"Electrolyte and additive information not provided or found, making it impossible to assess appropriateness.",Not found,Not found,Not found,Not found,Not found
10.1002/ente.202000721,Yes,Reasonable,1.2 M LiPF6 in ethylene carbonate/ethyl methyl carbonate (EC:EMC = 1:1 in volume) with 1 wt% vinylene carbonate (VC),Not found,Not found,Not found,Not found
10.1016/j.electacta.2018.03.084,No,"Additive is not found, so it cannot be appropriate for the battery's electrolyte requirements.",Not found,Not found,Not found,Not found,Not found
10.1246/cl.2004.396,Yes,Reasonable,"Polymer electrolyte with 9-BBN moieties and lithium salts (e.g., LiSO3CF3, LiCO2CF3, LiTFSI)",9-Borabicyclo[3.3.1]nonane (9-BBN),9-BBN,9-Borabicyclo[3.3.1]nonane (9-BBN),9-BBN
10.1016/j.electacta.2013.05.130,Yes,Reasonable,"1M LiBOB:LiBF4 in EC:DEC (3:7 by wt.) for blends, 1M LiDFOB in EC:DEC (3:7 by wt.), 0.5M LiBOB in EC:DEC (3:7 by wt.), 1M LiBF4 in EC:DEC (3:7 by wt.)",Lithium Difluoro(oxalato)borate (LiDFOB) and blends of Lithium Bis(oxalato)borate (LiBOB) and Lithium Tetrafluoroborate (LiBF4),"LiDFOB, LiBOB, LiBF4","Lithium Difluoro(oxalato)borate, Lithium Bis(oxalato)borate, Lithium Tetrafluoroborate","LiDFOB, LiBOB, LiBF4"
10.1016/j.jpowsour.2017.04.018,No,Not found,Not found,Not found,Not found,Not found,Not found
10.1016/j.electacta.2014.06.173,No,"Additive information is 'Not found', indicating it is missing or unspecified, which does not meet the battery's electrolyte requirements.",Not found,Not found,Not found,Not found,Not found
10.1063/1.3088857,Yes,Reasonable,LiBH4 with LiCl addition,Lithium Chloride,LiCl,Not found,Not found
10.1039/d0se00529k,Not found,Not found,0.6 M LiBOB + 0.1 M LiBF4 in EC/DEC/EMC (1:1:1 by volume),Not found,Not found,Not found,Not found
10.1021/jacs.5c08566,No,"Additive not found in the provided information, making it impossible to assess appropriateness.",Not found,Not found,Not found,Not found,Not found
10.1021/ja807392k,No,"Lithium halides (LiCl, LiBr, LiI) are not typically used as additives in LiBH4-based electrolytes; they may not be compatible or effective for standard battery applications, potentially leading to issues like poor ionic conductivity or instability.",Not found,Not found,Not found,Not found,Not found
10.1002/anie.201602278,No,"Electrolyte and additive information not provided, so cannot determine appropriateness.",Not found,Not found,Not found,Not found,Not found
10.1080/1536383X.2010.542592,Not found,Not found,"1 M LiPF6 in a mixture of ethylene carbonate (EC), ethyl methyl carbonate (EMC) and dimethyl carbonate (DMC) (1:1:1 by volume)",Not found,Not found,Not found,Not found
10.1021/acs.jpcc.8b09850,No,"Electrolyte and additive information not provided or found, making it impossible to assess appropriateness.",Not found,Not found,Not found,Not found,Not found
10.1039/c4ra02729a,Not found,Not found,"PVdF-HFP/LiPBAB membrane soaked in EC/PC (v/v, 1:1)",Not found,Not found,Not found,Not found
10.1149/1.1510321,Yes,Reasonable,1 M LiPF6 in EC/DMC (1:1 volume ratio),tris(pentafluorophenyl)borane (TPFPB),TPFPB,tris(pentafluorophenyl)borane,TPFPB
10.1002/admi.201901497,No,Additive not found in the provided information.,1 m NaClO4 dissolved in TEGDME,Not found,Not found,Not found,Not found
10.1016/j.surfcoat.2020.126103,No,"The additive is not found, which may not meet the battery's electrolyte requirements, as additives are often necessary for performance enhancement or stability.",1.0 M Na2SO4 or 0.05 M Fe(CN)6^3−/4− + 1.0 M Na2SO4,Not found,Not found,Not found,Not found
10.1002/anie.202505232,Yes,Reasonable,LiPHB SICPEs (single-ion conducting polymer electrolyte based on LiT4PAB cross-linked with PVDF-HFP and BBI),Lithium tetra-(4-pentenoic acid) borate (LiT4PAB),LiT4PAB,Lithium tetra-(4-pentenoic acid) borate,LiT4PAB
10.1002/ente.201700410,No,Additive not found in the provided information,PVDF-HFP/LiPFB membrane soaked in EC/PC (1:1 v/v),Not found,Not found,Not found,Not found
10.1149/1945-7111/ab8876,Yes,Reasonable,"EC:EMC (3:7 wt%) with LiX and BF3·D adducts (e.g., 1M Li[CO2CF3] with BF3·EC)","BF3 carbonates (e.g., BF3·EC, BF3·EMC) and LiX (X = OCH2CF3, OC(H)(CF3)2, CO2CF3)","BF3·EC, BF3·EMC, LiOCH2CF3, LiOC(H)(CF3)2, LiCO2CF3","BF3 carbonates (e.g., BF3·EC, BF3·EMC)","BF3·EC, BF3·EMC"
10.1002/batt.202500386,Yes,Reasonable,LATP solid electrolyte with PEO-LiTFSI@BN interfacial layer,Boron Nitride,BN,Boron Nitride,BN
10.1039/d5ta02774h,No,Not found,Not found,Not found,Not found,Not found,Not found
10.1021/acsnano.9b08803,No,"Boron nitride nanosheets (BNNS) are not typically used as additives in liquid electrolytes; they are more suited for solid-state systems or as fillers, but the electrolyte specified is solid-state (LLZTO), which may not require or be compatible with BNNS in the same way. Further details on compatibility are needed for a definitive assessment.",Not found,Not found,Not found,Not found,Not found
10.1016/j.jpowsour.2008.04.081,No,"Lithium Boron Oxide (LBO) is not a standard or commonly used additive in potassium hydroxide (KOH) electrolytes, which are typically used in alkaline batteries, whereas lithium-based additives are more suited for lithium-ion batteries. This mismatch could lead to incompatibility or reduced performance.",Not found,Not found,Not found,Not found,Not found
10.1515/epoly-2017-0022,No,"The additive is not found, which may not meet the battery's electrolyte requirements as additives are often necessary for performance and stability.",Not found,Not found,Not found,Not found,Not found
10.1016/j.jpowsour.2006.10.037,Yes,Reasonable,"EC-DMC (1:2%, v) containing 0.8 M LiF and 1.2 M ABA#1 (Tris(1,1,1,3,3,3-hexafluoroisopropyl)borate)","Tris(1,1,1,3,3,3-hexafluoroisopropyl)borate (ABA#1)",ABA#1,"Tris(1,1,1,3,3,3-hexafluoroisopropyl)borate",ABA#1
10.3390/en10101645,No,Electrolyte and additive information not provided or found.,Not found,Not found,Not found,Not found,Not found
10.1016/j.electacta.2007.08.013,Yes,Reasonable,Not found,"Lithium bis[croconato]borate (LBCB), Lithium [croconato salicylato]borate (LCSB), Lithium bis[salicylato]borate (LBSB)","LBCB, LCSB, LBSB","Lithium bis[croconato]borate (LBCB), Lithium [croconato salicylato]borate (LCSB), Lithium bis[salicylato]borate (LBSB)","LBCB, LCSB, LBSB"
10.1016/j.jallcom.2019.07.176,No,"Additive is not found, which may not meet the battery's electrolyte requirements for enhanced performance or stability.",Not found,Not found,Not found,Not found,Not found
10.1007/s12598-021-01708-1,No,"Additive is not found, so it cannot be evaluated for appropriateness.",Not found,Not found,Not found,Not found,Not found
10.1149/1.1420704,No,Additive not found in the provided information.,1.5 M LiBF4 in EC/GBL (1:3 by volume),Not found,Not found,Not found,Not found
10.1126/sciadv.aao3170,Yes,Reasonable,1 M LiPF6 in EC/DEC (1:1 v/v) without additives,Not found,Not found,Not found,Not found
10.1016/j.ensm.2020.08.018,Yes,Reasonable,"1 M LiTFSI in DOL/DME (v/v, 1:1) with 2 wt% LiNO3 additive",Lithium nitrate (LiNO3),LiNO3,Not found,Not found
10.1002/adfm.202008632,Not found,Not found,Not found,Not found,Not found,Not found,Not found
10.1016/j.elecom.2009.10.015,Yes,Reasonable,"Various compositions including 0.5 M PFPBO–0.5 M LiF in PC/DMC (1:1, v/v), 0.5 M PFPBO–0.25 M Li2O in PC/DMC (1:1, v/v), 0.5 M PFPBO–0.25 M Li2O2 in PC/DMC (1:1, v/v), and 1 M LiPF6 in PC/DMC (1:1, v/v) with 5 wt% or 10 wt% PFPBO",Pentafluorophenylboron oxalate,PFPBO,Pentafluorophenylboron oxalate,PFPBO
10.1039/c7cp02526b,No,"Electrolyte and additive information is not provided, so it cannot be determined if the additives are appropriate.",Not found,Not found,Not found,Not found,Not found
10.1016/j.carbon.2006.05.013,Not found,Not found,Not found,Not found,Not found,Not found,Not found
10.1016/j.ccr.2020.213478,No,Additive not found in the provided information.,Not found,Not found,Not found,Not found,Not found
10.1016/j.ensm.2020.07.040,Yes,Reasonable,"1 M lithium bis(trifluoromethanesulfonyl)imide (LiTFSI) in dioxolane/dimethoxyethane (DOL/DME, 1:1, v:v) with 0.5 M Li2S6 and lithium nitrate (LiNO3)",Not found,Not found,Not found,Not found
10.1149/2.0141803jes,Yes,Reasonable,1M LiTFSI in EC:DEC =1:1,"mesityldi(thien-2-yl)borane (boron-thiophene monomer, B-Thp)",B-Thp,mesityldi(thien-2-yl)borane,B-Thp
10.1016/j.carbon.2013.05.065,Yes,Reasonable,1 M LiPF6 dissolved in a mixed solvent of ethylene carbonate (EC) and ethylmethyl carbonate (EMC) (3:7 vol),Not found,Not found,Not found,Not found
10.1007/s13369-015-1669-y,Yes,Reasonable,1 M LiFePO4 in EC/DEC/EMC (1:1:1 volume ratio) with 2% additive,Bis(2-(2-(2-methoxyethoxy)ethoxy)ethyl) phenylboronate (11) and Bis(2-(2-methoxyethoxy)ethyl) phenylboronate (13),Not found,Bis(2-(2-(2-methoxyethoxy)ethoxy)ethyl) phenylboronate (11) and Bis(2-(2-methoxyethoxy)ethyl) phenylboronate (13),Not found
10.1016/j.jpowsour.2013.06.140,No,Additive not found in the provided information.,LiNO3-KNO3 eutectic electrolyte,Not found,Not found,Not found,Not found
10.1007/s10008-020-04829-2,No,Additive not found in the provided information.,Li1.5Al0.4Ga0.1Ge1.5(PO4)3,Not found,Not found,Not found,Not found
10.1016/j.electacta.2016.08.084,Yes,Reasonable,1 M LiTFSI in BMPTFSI with 10 wt% crosslinker mixture (BAO and PEGDMA),Boron allyloxide (BAO) and Polyethylene glycol dimethacrylate (PEGDMA) as crosslinkers,"BAO, PEGDMA",Boron allyloxide,BAO
10.1016/j.jpowsour.2020.229235,No,"Layered boron nitride (BN) is typically used as a reinforcement or filler in solid-state electrolytes or polymer matrices, not as a conventional additive in liquid electrolytes. It may not dissolve or function effectively in the given liquid electrolyte system, potentially leading to phase separation, poor ionic conductivity, or other incompatibilities.",Not found,Not found,Not found,Not found,Not found
10.1016/j.jpowsour.2008.03.016,Yes,Reasonable,"0.6 M LiF and 0.6 M TPFPB in PC/DMC (1:1, v/v) or similar compositions",Tris(pentafluorophenyl) borane (TPFPB) or Tris(2H-hexafluoroisopropyl) borate (THFPB),TPFPB or THFPB,"Tris(pentafluorophenyl) borane, Tris(2H-hexafluoroisopropyl) borate","TPFPB, THFPB"
10.1039/d1qm00648g,No,"Electrolyte and additive information not provided or found, making it impossible to assess appropriateness.",Not found,Not found,Not found,Not found,Not found
10.1021/acsami.0c05236,Not found,Not found,"1mol L-1 LiPF6 in a mixture of ethylene carbonate (EC) and DMC (1:1 by volume) and also mentioned 1,3-dioxolane (DOL) and dimethoxy ethane (DME) (v:v=1:1)",Not found,Not found,Not found,Not found
10.1002/aenm.201602055,No,Additive not found in the provided information.,Not found,Not found,Not found,Not found,Not found
10.1016/j.ssi.2017.07.004,No,Additive not found in the provided information.,1 M LiPF6 in EC/EMC (1:1 vol),Not found,Not found,Not found,Not found
10.1002/adma.202103178,Yes,Reasonable,1.2 m LiFSI/0.05 m LiDFOB in DME/HFE/FEC (3:6:1 by vol),Fluoroethylene carbonate (FEC) and Lithium oxalyldifluoroborate (LiDFOB),"FEC, LiDFOB",Lithium oxalyldifluoroborate (LiDFOB),LiDFOB
10.1016/j.cap.2013.06.009,Yes,Reasonable,"PVBBAPEGX-Y with CF3SO3Li salt, where X is PEG molecular weight (e.g., 200, 600, 1000) and Y is EO/Li ratio (e.g., 10:1, 20:1, 30:1)",Polyethylene glycol (PEG) crosslinked with poly(4-vinylbenzeneboronic acid) (PVBBA),PEG-PVBBA,poly(4-vinylbenzeneboronic acid) (PVBBA),PVBBA
10.1002/celc.202000784,No,"Additive not found in the provided information, making it impossible to assess appropriateness.",Not found,Not found,Not found,Not found,Not found
10.1021/acsami.0c16159,Yes,Reasonable,1 M LiPF6 in ethylene carbonate and diethyl carbonate (1:1 volume ratio),Not found,Not found,Not found,Not found
10.1039/d1ta05410d,Yes,Reasonable,PEO/LiTFSI/SiO2@BNNS composite polymer electrolyte,Silicon Dioxide coated Boron Nitride Nanosheets,SiO2@BNNS,Silicon Dioxide coated Boron Nitride Nanosheets,SiO2@BNNS
10.1016/j.flatc.2025.100918,No,"Electrolyte and additive information not provided or found, so appropriateness cannot be determined.",Not found,Not found,Not found,Not found,Not found
10.1021/acsaem.5c01006,Yes,Reasonable,High-content NaBF4 in diglyme (G2) solvent,Sodium tetrafluoroborate (NaBF4),NaBF4,Sodium tetrafluoroborate,NaBF4
10.1149/2.003112esl,Yes,Reasonable,0.5 M LiBOB in PC,Lithium bis(oxalato)borate (LiBOB),LiBOB,Lithium bis(oxalato)borate,LiBOB
10.3390/nano11030810,No,"The additive is not found, which makes it inappropriate as it does not meet any specific electrolyte requirements.",Not found,Not found,Not found,Not found,Not found
10.1016/j.jcis.2020.09.009,Not found,Not found,1.0 M LiPF6 in EC:DEC,Not found,Not found,Not found,Not found
10.1039/c9ta05938e,Yes,Reasonable,1 mol/L LiTFSI in EC/DMC (1:1 vol%) with 3D-BGPE,Borate-concentrated gel polymer electrolyte (3D-BGPE),3D-BGPE,Borate-concentrated gel polymer electrolyte (3D-BGPE),3D-BGPE
10.1021/ja9093814,Yes,Reasonable,EC/DMC 50/50 (w/w) or DMF,"Boron esters (e.g., diol-monoacid borate, triol borate, nitro-triol borate, monoalcohol-diacid borate)",Not found,"Boron esters (e.g., diol-monoacid borate, triol borate, nitro-triol borate, monoalcohol-diacid borate)",Not found
10.1039/c3ra41167b,Not found,Not found,Not found,Not found,Not found,Not found,Not found
10.1002/aenm.201300647,Yes,Reasonable,"1 mol L⁻¹ LiPF₆ in EC/DMC/EMC (1/1/1, w/w/w)",Lithium polyvinyl alcohol oxalate borate,LiPVAOB,Lithium polyvinyl alcohol oxalate borate,LiPVAOB
10.1016/j.jpowsour.2020.228940,No,"Additive is not found, making it impossible to assess appropriateness.",1 M LiPF6 in EC/DEC/DMC (1:1:1 by volume),Not found,Not found,Not found,Not found
10.1016/j.ssi.2005.10.022,Yes,Reasonable,EC-MFDMC equimolar binary solution containing 1 M LiPF6,monofluorinated dimethyl carbonate (MFDMC),MFDMC,Not found,Not found
10.1016/j.jpowsour.2016.08.015,Yes,Reasonable,"1 M LiPF6 in EMC with various additives (e.g., 2% VC, 5% FEC, etc.)","Vinylene Carbonate (VC), Fluoroethylene Carbonate (FEC), (4R,5S)-4,5-Difluoro-1,3-dioxolan-2-one (DiFEC)","VC, FEC, DiFEC",Not found,Not found
10.1038/s41598-017-08285-3,Not found,Not found,"1 M LiPF6 in 1:1 ethylene carbonate (EC): dimethyl carbonate (DMC) (LP30, Merck)",Not found,Not found,Not found,Not found
10.1016/j.jpowsour.2017.04.094,Yes,Reasonable,1.3 M LiPF6 in EC/EMC/DMC (3:4:3 vol ratio) with 1 wt% LiDFOB,Lithium Difluoro(oxalato)borate,LiDFOB,Lithium Difluoro(oxalato)borate,LiDFOB
10.1016/S1003-6326(21)65588-7,Yes,Reasonable,1 mol/L LiFSI in EC/DEC/EMC (1:1:1 by volume) for single-salt; 0.6 mol/L LiFSI and 0.4 mol/L LiBOB in EC/DEC/EMC (1:1:1 by volume) for dual-salt,Lithium bis(oxalate)borate (LiBOB),LiBOB,Lithium bis(oxalate)borate,LiBOB
10.1111/jace.12094,Not found,Not found,Not found,Not found,Not found,Not found,Not found
10.1016/j.elecom.2008.05.043,Yes,Reasonable,0.4 M TPFPB and 0.2 M Li2O in PC/DMC (1:1 volume) or similar compositions,tris(pentafluorophenyl) borane (TPFPB),TPFPB,tris(pentafluorophenyl) borane,TPFPB
10.1016/j.memsci.2020.118921,No,Not found,Not found,Not found,Not found,Not found,Not found
10.1016/j.ssi.2019.05.020,No,Additive not found in the provided information.,Li3BN2 glass,Not found,Not found,Not found,Not found
10.1149/1.1536475,Yes,Reasonable,1 M LiPF6 in EC/DMC (1:1 volume ratio),tris(pentafluorophenyl)borane (TPFPB),TPFPB,tris(pentafluorophenyl)borane,TPFPB
10.5796/electrochemistry.19-00022,Not found,Not found,1 M LiPF6 in EC/DMC (1:2 by volume),Not found,Not found,Not found,Not found
10.1021/acs.chemmater.6b04784,Yes,Reasonable,1.0 M LiPF6 in EC/DMC (1:2 volume ratio) with 0.5 wt. % TTFEB,"tris(2,2,2-trifluoroethyl) borate",TTFEB,"tris(2,2,2-trifluoroethyl) borate",TTFEB
10.1016/j.electacta.2015.02.214,Yes,Reasonable,"PAN with LiCF3SO3 or LiBF4, and plasticizers such as PEGB, EC/PC, or PEGME",Poly(ethylene glycol) borate ester (PEGB),PEGB,Poly(ethylene glycol) borate ester (PEGB),PEGB
10.1021/acsaem.1c01724,Not found,Not found,1 mol L⁻¹ LiTFSI in EC/PC (v/v = 1:1),Not found,Not found,Not found,Not found
10.1016/j.carbon.2019.04.077,No,"Electrolyte and additive information not provided, so cannot determine appropriateness.",Not found,Not found,Not found,Not found,Not found
10.1149/1.1496535,Yes,Reasonable,0.5 mol dm⁻³ 3-FLTBP or mixtures with LiPF₆ in EC-DMC (mole ratio 1:1),"Lithium tris[3-fluoro-1,2-benzenediolato(2-)-O,O']phosphate (3-FLTBP)",3-FLTBP,Not found,Not found
10.1016/j.electacta.2009.09.062,No,"Boron carbide (B4C) is not a typical or reasonable additive for aqueous electrolytes like saturated LiOH with ZnSO4 or saturated KOH, as it is insoluble and chemically incompatible, potentially leading to precipitation or ineffective performance.",Not found,Not found,Not found,Not found,Not found
10.1039/c8ta10786f,No,Additive information is not provided or found in the input.,1 M LiPF6 in ethylene carbonate (EC): dimethyl carbonate (DMC): diethyl carbonate (DEC) (1:1:1 vol%),Not found,Not found,Not found,Not found
10.1021/jp303691m,No,"Additive is not found, indicating it may be missing or unspecified, which could lead to suboptimal battery performance or safety issues.",0.5 M LiB(CN)4 in PEGDME or Tetraglyme,Not found,Not found,Not found,Not found
10.1016/j.electacta.2017.05.075,Yes,Reasonable,1M LiPF6 in EC/EMC/DMC (1:1:1 v:v:v),Lithium metaborate (LiBO2),LiBO2,Lithium metaborate,LiBO2
10.1002/aenm.201801957,Yes,Reasonable,1M LiPF6 in EC:DEC (1:1 by volume),Lithium bis(oxalate) borate,LiBOB,Lithium bis(oxalate) borate,LiBOB
10.1007/s11837-021-04750-7,No,Boric acid (H3BO3) is not a reasonable additive for this electrolyte as it is not commonly used in lithium-ion batteries and may not provide the intended benefits such as solid electrolyte interface formation or stability; it could lead to decomposition or poor performance.,Not found,Not found,Not found,Not found,Not found
10.1002/aenm.201600218,No,"Additive information is not provided or found, making it impossible to assess appropriateness.",1 mol L−1 solution of LiTFSI in 1-methyl-1-propylpiperidinium bis(trifluoromethylsulfonyl)imide (PP13) mixed with hexagonal boron nitride (h-BN) in a 1:2 w/w ratio,Not found,Not found,Not found,Not found
10.1038/srep22048,Not found,Not found,"1 M lithium trifluoromethanesulfonimide (LiTFSI) in dimethoxyethane (DME) and 1,3-dioxolane (DOL) (1:1, v:v)",Not found,Not found,Not found,Not found
10.1016/j.ssi.2016.05.013,No,"Additive information is not provided or found, making it impossible to assess appropriateness.","1 mol/L LiPF6 in EC, EMC and DMC (1:1:1 v/v/v)",Not found,Not found,Not found,Not found
10.1039/c7nr03017g,No,Additive not found in the provided information.,1.2 M LiPF6 in EC/EMC (3:7 w/w),Not found,Not found,Not found,Not found
10.1007/s41061-017-0125-8,No,Electrolyte and additive information not provided or found.,Not found,Not found,Not found,Not found,Not found
10.1016/j.ssi.2010.05.039,No,"Additive is not found, so it cannot be evaluated for appropriateness.",Polymer electrolytes based on doped comb-branched copolymers with CF3SO3Li salt,Not found,Not found,Not found,Not found
10.1016/j.jallcom.2025.181419,Yes,Reasonable,1M LiPF6 in EC:EMC (1:2 v/v),Not found,Not found,Not found,Not found
10.1149/1.1392529,Yes,Reasonable,"1 M LiF, CF3CO2Li, or C2F5CO2Li with 1 M TFPB or TFPBO in PC-EC-DMC (1:1:3, v/v)","Tris(pentafluorophenyl) borane, Tris(pentafluorophenyl) borate","TFPB, TFPBO","Tris(pentafluorophenyl) borane, Tris(pentafluorophenyl) borate","TFPB, TFPBO"
10.1021/jacs.1c00941,No,Not found,Not found,Not found,Not found,Not found,Not found
10.1006/jssc.2000.8759,No,"Additive is not found, so it cannot be evaluated for appropriateness.",Li-doped BPO4 (ceramic electrolyte),Not found,Not found,Not found,Not found
10.1016/j.jorganchem.2015.07.037,No,"The additive 'Boron based fluoride anion receptors (e.g., TPFPB, boroxines)' is not specified with a full name or standard abbreviation, and the electrolyte is 'Not found', making it impossible to assess compatibility or reasonableness.",Not found,Not found,Not found,Not found,Not found
10.1007/s10008-016-3313-5,Yes,Reasonable,1M LiTFSI x-LiODFB (1-x) in EC/EMC (4:6 by wt.),Lithium Difluoro(oxalate) Borate (LiODFB),LiODFB,Lithium Difluoro(oxalate) Borate,LiODFB
10.1016/j.electacta.2012.05.080,Not found,Not found,1 M LiClO4 dissolved in ethylene carbonate (EC)/diethyl carbonate (DEC) (1:1 vol%),Not found,Not found,Not found,Not found
10.1016/j.ssi.2012.07.013,No,"Additive is not found, so it cannot be appropriate for the battery's electrolyte requirements.",Not found,Not found,Not found,Not found,Not found
10.1016/j.jpowsour.2008.10.063,Yes,Reasonable,0.6 M TPFPB and 0.6 M LiF in PC/DMC (1:1 in volume); 0.4 M TPFPB and 0.2 M Li2O in PC/DMC (1:1 in volume); 0.4 M TPFPB and 0.2 M Li2O2 in PC/DMC (1:1 in volume); with or without 0.05 M LiBOB additive,Lithium bis(oxalato)borate,LiBOB,Lithium bis(oxalato)borate,LiBOB
10.1149/1.1568831,No,"Additive not found in the provided information, making it impossible to assess appropriateness.",1M LiIm(BF3)2 in 1/3 EC/EMC,Not found,Not found,Not found,Not found
10.1149/2.0171509jes,No,Pyridine Boron Trifluoride (PBF) is not a commonly used or effective additive in lithium-ion batteries; it may not provide the desired stability or performance improvements.,Not found,Not found,Not found,Not found,Not found
10.1016/j.cclet.2020.10.045,Yes,Reasonable,"Asymmetric double-layer composite electrolyte with PEO-hBN and PPC layers, using LiTFSI salt",Hexagonal boron nitride,hBN,Hexagonal boron nitride,hBN
10.1016/j.cej.2025.166397,Yes,Reasonable,1.0 M LiPF6 in ethylene carbonate/diethyl carbonate (EC/DEC) with 0.75 wt% NHCABT and 1.0 wt% LiNO3,"N-heterocyclic carbene adduct with boron trifluoride (NHCABT), Lithium nitrate (LiNO3)","NHCABT, LiNO3",N-heterocyclic carbene adduct with boron trifluoride (NHCABT),NHCABT
10.1557/jmr.2014.31,Yes,Reasonable,Nanocomposite polymer electrolytes based on PVA-graft-PEGME/TiO2 doped with CF3SO3Li,Titanium dioxide,TiO2,Not found,Not found
10.1149/2.0011501jes,Yes,Reasonable,1 M LiPF6 in EC:DMC (1:1 wt:wt) with trimethylboroxine (TMB) additive,Trimethylboroxine,TMB,Trimethylboroxine,TMB
10.1016/j.memsci.2018.01.063,Yes,Reasonable,"POSS-g-PEGMEM/B-PEGMA with LiTFSI, [Li]/[EO] molar ratio of 1/20",B-PEGMA (contains boron moieties for anion trapping),B-PEGMA,B-PEGMA (contains boron moieties for anion trapping),B-PEGMA
10.1016/j.ssi.2016.06.010,No,Additive not found in the provided information.,Li4SiO4-Li3PO4-LiBO2 ternary ceramic system with mole ratio Li4SiO4:Li3PO4:LiBO2 = 60:40:20,Not found,Not found,Not found,Not found
10.1155/2017/4839410,No,"Additive is not found, so it cannot be evaluated for appropriateness.",Not found,Not found,Not found,Not found,Not found
10.1016/j.jpowsour.2017.06.050,Not found,Not found,"1M LiPF6 in a mixture of ethylene carbonate (EC), diethyl carbonate (DEC), and dimethyl carbonate (DMC) (1:1:1, v/v)",Not found,Not found,Not found,Not found
10.1016/j.electacta.2014.05.072,Yes,Reasonable,"1M LiPF6 in EC/DEC (3:7 v/v), EC/DMC (1:1 w/w), EC/EMC (1:1 w/w) with additives VC, VEC, FEC, 1,3-PS at 2 wt%","Vinylene Carbonate (VC), Vinyl Ethylene Carbonate (VEC), Fluoro Ethylene Carbonate (FEC), 1,3-Propane Sultone (1,3-PS)","VC, VEC, FEC, 1,3-PS",Not found,Not found
10.1016/j.ssi.2015.10.009,Yes,Reasonable,xLi3BO3-(1-x)Li3.5Si0.5P0.5O4 (0≤x≤0.2),Lithium borate (Li3BO3),Li3BO3,Lithium borate (Li3BO3),Li3BO3
10.1016/j.jpowsour.2009.12.049,Yes,Reasonable,Not found,"Lithium [3-fluoro-1,2-benzenediolato(2-)-o,o' oxalato]borate (FLBDOB)",FLBDOB,"Lithium [3-fluoro-1,2-benzenediolato(2-)-o,o' oxalato]borate (FLBDOB)",FLBDOB
10.1016/j.ssi.2020.115499,Yes,Reasonable,"0.25 M LiBOB, 0.25 M TPhBX, saturated CsF in tetraglyme (G4)",Lithium bis(oxalato)borate (LiBOB) and Triphenylboroxin (TPhBX),"LiBOB, TPhBX","Lithium bis(oxalato)borate, Triphenylboroxin","LiBOB, TPhBX"
10.1039/c9ta12895f,Yes,Reasonable,"1 M LiClO4 or NaClO4 in a mixed solution of EC, DMC, and FEC (with a volume ratio of 5:5:1)",Fluoroethylene carbonate,FEC,Not found,Not found
10.1039/c9ta07551h,Yes,Reasonable,"P(V-B) solid polymer electrolyte synthesized from LiTFSI, VC, and B-PEGMA","Borate groups (anion-immobilizing additive), vinylene carbonate (VC), and poly(ethylene glycol) methyl ether methacrylate with cyclic boroxane groups (B-PEGMA)",Not found,"Borate groups (anion-immobilizing additive), poly(ethylene glycol) methyl ether methacrylate with cyclic boroxane groups (B-PEGMA)",Not found
10.1021/acsami.6b09601,Yes,Reasonable,1.0 M LiTFSI in EC:DEC (1:1 vol %),"Boron-containing cross-linkers (BCs), specifically LBC and HBC, with anion-trapping boron moieties","BCs, LBC, HBC","Boron-containing cross-linkers (BCs), specifically LBC and HBC, with anion-trapping boron moieties","BCs, LBC, HBC"
10.1021/acsami.1c01659,No,"Electrolyte and additive information not provided or found, making it impossible to assess appropriateness.",Not found,Not found,Not found,Not found,Not found
10.1016/j.jpowsour.2015.12.010,No,Additive not found in the provided information,PEO/LiPBPAB blended membrane,Not found,Not found,Not found,Not found
10.1016/j.elecom.2012.12.003,Yes,Reasonable,PC/ACN (1:5 volume ratio) with 0.5 M LiPF6 and 0.5 wt% TPFPB,tris(pentafluorophenyl) borane (TPFPB),TPFPB,tris(pentafluorophenyl) borane,TPFPB
10.1016/j.jfluchem.2004.05.008,Yes,Reasonable,EC-DFDMC equimolar binary solution containing 1 mol dm⁻³ LiPF₆,Difluorinated dimethyl carbonate,DFDMC,Not found,Not found
10.1039/d1ta01551f,No,"Electrolyte and additive information not provided, so appropriateness cannot be determined.",Not found,Not found,Not found,Not found,Not found
10.1016/j.electacta.2012.09.017,Not found,Not found,1 M LiPF6 in ethylene carbonate (EC) and dimethyl carbonate (DMC) with a volume ratio of 1:1,Not found,Not found,Not found,Not found
10.1016/j.jpowsour.2016.05.074,Yes,Reasonable,1.0 M LiPF6 in EC/EMC/DEC (3/5/2 by weight) with 2 wt% TMB,Trimethyl borate,TMB,Trimethyl borate,TMB
10.1007/s11581-017-2350-0,Yes,Reasonable,1.2 M LiPF6 EC:EMC 3:7 (vol%),"Lithium Difluoro(oxalate)borate, Lithium Tetrafluoroborate","LDFOB, LiBF4","Lithium Difluoro(oxalate)borate, Lithium Tetrafluoroborate","LDFOB, LiBF4"
10.1016/j.jpowsour.2014.11.149,Not found,Not found,Not found,Not found,Not found,Not found,Not found
10.1149/1.2409743,Yes,Reasonable,1.0 M LiDFOB in EC/PC/DMC (1:1:3 by weight),Lithium Difluoro(oxalato)borate (LiDFOB),LiDFOB,Lithium Difluoro(oxalato)borate,LiDFOB
10.1021/acsami.9b14912,Yes,Reasonable,"1 M LiPF6 dissolved in a mixture of ethylene carbonate (EC) and diethylene carbonate (DEC) (1:1, v/v) with 5% fluoroethylene carbonate (FEC)",Not found,Not found,Not found,Not found
10.1039/c7ee01095h,No,"Perfluoropolyether-functionalized 2D boron nitride nanoflakes (FBN or BNNFs) may not be a standard or effective additive for typical battery electrolytes like 1M LiTFSI in EC:DEC (1:1 vol%), as it could introduce compatibility issues, instability, or insufficient ionic conductivity compared to conventional additives.",Not found,Not found,Not found,Not found,Not found
10.1016/j.matlet.2020.128391,Yes,Reasonable,"PVDF-HFP, LiTFSI, [EMIM][TFSI], and PDA@BN",Polymerized dopamine-coated boron nitride (PDA@BN),PDA@BN,Polymerized dopamine-coated boron nitride (PDA@BN),PDA@BN
10.1039/c8cp05561k,No,"No additive found in the provided information, which may not meet the battery's electrolyte requirements if additives are needed for performance or stability.",Not found,Not found,Not found,Not found,Not found
10.1016/j.joule.2019.08.004,Yes,Reasonable,1.0 M LiPF6 in FEC/FEMC/HFE (2:6:2 by weight) with 2 wt% LiDFOB additive,Lithium Difluoro(oxalato)borate,LiDFOB,Lithium Difluoro(oxalato)borate,LiDFOB
10.1149/1.1837927,Yes,Reasonable,0.5 mol dm-3 LBNB or LBBB in EC-DME (mol ratio 2:3 or 1:1) or other binary solvent mixtures,"Lithium bis[2,3-naphthalenediolato(2-)-O,O']borate and Lithium bis[1,2-benzenediolato(2-)-O,O']borate","LBNB, LBBB","Lithium bis[2,3-naphthalenediolato(2-)-O,O']borate and Lithium bis[1,2-benzenediolato(2-)-O,O']borate","LBNB, LBBB"
10.1016/j.jpowsour.2016.07.114,No,Additive not found in the provided information,Lithium boron oxynitride (LiBON),Not found,Not found,Not found,Not found
10.1016/j.ensm.2017.12.024,No,"β12-borophene is not a standard or commonly used additive in battery electrolytes; it may not be compatible or effective, potentially leading to poor performance or safety issues.",Not found,Not found,Not found,Not found,Not found
10.1021/acsami.9b14389,Yes,Reasonable,1 M LiPF6 in EC:DMC (1:1 by wt.),Tris(pentafluorophenyl)borane,TPFPB,Tris(pentafluorophenyl)borane,TPFPB
10.1016/j.jelechem.2019.4.047,Not found,Not found,Not found,Not found,Not found,Not found,Not found
10.1007/s10800-011-0369-x,No,Additive not found in the provided information.,1.15 M LiPF6 in ethylene carbonate (EC)/dimethyl carbonate (DMC)/diethyl carbonate (DEC) (3:4:3 vol.%),Not found,Not found,Not found,Not found
10.1002/pol.20210207,No,"Additive is not found, so it cannot be determined if it is appropriate for the battery's electrolyte requirements.",Not found,Not found,Not found,Not found,Not found
10.1016/j.jpowsour.2010.01.026,Yes,Reasonable,"EC/DMC (ethylene carbonate/dimethyl carbonate, w/w ratio 2:5) and PEODME (poly(ethylene oxide) dimethyl ether) doped with LiCF3SO3 (lithium trifluoromethanesulfonate) and modified with TPFPB (tris(pentafluorophenyl)borane)",Tris(pentafluorophenyl)borane (TPFPB),TPFPB,Tris(pentafluorophenyl)borane,TPFPB
10.1039/c5ra24880a,No,Electrolyte and additive information not provided or found.,Not found,Not found,Not found,Not found,Not found
10.1021/acsaem.8b02205,No,No additive information provided to evaluate appropriateness.,1 M LiTFSI in DME/DOL (1:1 by volume),Not found,Not found,Not found,Not found
10.1039/c8cc09663e,No,"Electrolyte and additive information not provided or found, making it impossible to assess appropriateness.",Not found,Not found,Not found,Not found,Not found
10.1021/acsami.1c03791,No,Additive not found in the provided information.,1.0 M LiTFSI and 0.2 M LiNO3 in DOL/DME (1:1 v/v),Not found,Not found,Not found,Not found
10.1016/j.elecom.2016.11.016,Yes,Reasonable,EMImTCB (1-ethyl-3-methylimidazolium tetracyanoborate),Tetracyanoborate (TCB),TCB,Tetracyanoborate,TCB
10.1039/c7cp02722b,Yes,Reasonable,"Tributyloctylphosphonium bis(salicylato)borate [P4,4,4,8][BScB] ionic liquid mixed with lithium bis(salicylato)borate Li[BScB] salt in concentrations from 2.5 mol% to 20 mol%",Lithium bis(salicylato)borate (Li[BScB]),Li[BScB],Lithium bis(salicylato)borate,Li[BScB]
10.1016/j.jpowsour.2017.06.006,Yes,Reasonable,Network type sp3 boron-based single-ion conducting polymer electrolyte with gamma-butyrolactone (GBL) as plasticizer,Lithium bis(allylmalonato)borate (LiBAMB) and pentaerythritol tetrakis(2-mercaptoacetate) (PETMP),"LiBAMB, PETMP",Lithium bis(allylmalonato)borate,LiBAMB
10.1002/adma.202505762,Yes,Reasonable,"0.2 M LiFPB, 0.8 M LiTFSI, and 1 wt.% LiNO3 in DME and DOL at a volumetric ratio of 1:1",Lithium perfluoropinacolatoborate (LiFPB),LiFPB,Lithium perfluoropinacolatoborate,LiFPB
10.1021/acsami.9b18134,No,"The additive is not found, so it cannot be determined if it is appropriate for the battery's electrolyte requirements.",Not found,Not found,Not found,Not found,Not found
10.1016/j.ssi.2020.115309,No,"Additive is not found, so it cannot be determined if it is appropriate for the battery's electrolyte requirements.",Not found,Not found,Not found,Not found,Not found
10.1149/2.0321613jes,Yes,Reasonable,"1 M LiPF6 in EMC with additives such as VC, FEC, PES, DTD, TTSPi, PPF, TAP","Vinylene carbonate (VC), Fluoroethylene carbonate (FEC), Propene-1,3-sultone (PES), Methylene methanedisulfonate (MMDS), 1,3,2-dioxathiolane-2,2-dioxide (DTD), Tris(trimethylsilyl) phosphite (TTSPi), Pyridine pentafluorophosphate (PPF), Triallyl phosphate (TAP)","VC, FEC, PES, MMDS, DTD, TTSPi, PPF, TAP",Not found,Not found
10.1039/c5ra08606j,No,"The additive is not found, which is not appropriate for a battery electrolyte as additives are typically required to enhance performance, stability, or safety.",Not found,Not found,Not found,Not found,Not found
10.1002/celc.201402207,No,"Lithium Borohydride (LiBH4) is not a standard or reasonable additive for common battery electrolytes as it can react violently with water or protic solvents, potentially leading to safety hazards and instability in typical electrolyte systems like those based on carbonates.",Not found,Not found,Not found,Not found,Not found
10.1016/j.elecom.2017.09.001,Yes,Reasonable,BMOC electrolyte synthesized from THFPB and MgO in DME,Tris(2H-hexafluoroisopropyl) borate,THFPB,Tris(2H-hexafluoroisopropyl) borate,THFPB
10.1002/advs.202001303,Yes,Reasonable,PEO-PVDF-LiTFSI with 12 wt% BN nanoflakes,Boron Nitride,BN,Boron Nitride,BN
10.1039/d0ta05644h,Yes,Reasonable,"PAN-LiClO4-boron nitride nanoflake (BNNF) composite with BNNF modifying layer, and a tiny amount of liquid electrolyte (1M LiPF6 in EC:DMC:DEC=1:1:1 by volume, 5 μL) added at interfaces",Boron nitride nanoflake (BNNF),BNNF,Boron nitride nanoflake (BNNF),BNNF
10.1007/s42114-025-01380-4,Not found,Not found,"1 M lithium bis(trifluoromethanesulfonyl)imide (LiTFSI) and 2 wt.% anhydrous LiNO3 in a mixed solvent of 1,3-dioxolane (DOL) and dimethyl ether (DME) (1:1, v/v)",Not found,Not found,Not found,Not found
10.1016/j.ssi.2020.115455,Yes,Reasonable,"1.0 M NaClO4 in ethylene carbonate/diethylene carbonate (1:1, vol/vol.) with 5 vol% fluoroethylene carbonate",Not found,Not found,Not found,Not found
10.1007/s12598-025-03403-x,No,"The additive is not found as the paper focuses on coatings (CeF3 and H3BO3) rather than electrolyte additives, making it inappropriate for the battery's electrolyte requirements.",Not found,Not found,Not found,Not found,Not found
10.1016/S0008-6223(99)00060-3,No,Additive is not found in the provided information.,LiPF6 (1 M) dissolved in EC/PC/3DMC,Not found,Not found,Not found,Not found
10.1002/aenm.201803623,No,Additive not found in the provided information.,"1 M Na2SO4, 0.1 M TBABF4 in acetonitrile, 0.05 M Fe(CN)6^3−/4− + 1 M Na2SO4, 20 × 10^−3 M ferrocene + 0.1 M TBABF4/ACN",Not found,Not found,Not found,Not found
10.1016/j.electacta.2018.08.008,No,"Additive not found in the provided information, making it impossible to assess appropriateness.",Li7La3Zr2O12 (LLZ) solid electrolyte,Not found,Not found,Not found,Not found
10.1016/j.elecom.2021.106936,Yes,Reasonable,0.4 mol·L⁻¹ Ca(TFSI)₂ in EC:PC (50/50 wt%) with 2 wt% BF3·DE,Boron trifluoride diethyletherate,BF3·DE,Boron trifluoride diethyletherate,BF3·DE
10.1039/c5cc04753f,No,"Electrolyte and additive information not provided, so appropriateness cannot be determined.",Not found,Not found,Not found,Not found,Not found
10.1016/j.jpowsour.2019.226736,Yes,Reasonable,PVDF-HFP/LiTFSI hybrid electrolyte with 1% BN addition,Boron nitride,BN,Boron nitride,BN
10.1021/acsaem.9b01431,Yes,Reasonable,Garnet-type Li6.25Al0.25La3Zr2O12 (LALZO) with 1 wt% hexagonal boron nitride (BN) additive,Hexagonal boron nitride (BN),BN,Hexagonal boron nitride,BN
10.1021/acs.jcim.9b00035,No,"The additives B[C2HBNO(CN)2]3, B[C2HBNS(CN)2]3, B[C4H3BN(CN)2]3 are not standard or commonly used in battery electrolytes, and the electrolyte is not specified, making it impossible to assess compatibility or appropriateness.",Not found,Not found,Not found,Not found,Not found
10.1021/nn2006249,Not found,Not found,1 M LiPF6 in ethylene carbonate and dimethyl carbonate (1:1 v/v),Not found,Not found,Not found,Not found
10.1016/j.jpowsour.2014.01.023,Yes,Reasonable,1M LiTFSI in DIOX:DME (1:1 v/v) with LiNO3 additive,Lithium nitrate (LiNO3),LiNO3,Not found,Not found
10.1016/j.est.2025.117608,No,"Electrolyte and additive information not provided or found, so appropriateness cannot be determined.",Not found,Not found,Not found,Not found,Not found
10.1149/1.1565134,Not found,Not found,1M LiPF6 in EC/DEC (1:1 volumetric ratio),Not found,Not found,Not found,Not found
10.1021/acsaem.9b01894,Yes,Reasonable,"1 M LiPF6 in ethylene carbonate (EC): dimethyl carbonate (DMC): ethyl methyl carbonate (EMC) (1:1:1, v:v:v)",Lithium Difluoro(oxalato)borate,LiDFOB,Lithium Difluoro(oxalato)borate,LiDFOB
10.1149/1.1838719,Yes,Reasonable,"1,2-dimethoxyethane (DME) solutions containing various lithium salts","Boron-based anion receptors (e.g., tris(2H-hexafluoroisopropyl)borate, compound 4)",Not found,tris(2H-hexafluoroisopropyl)borate,Not found
10.1016/j.jnoncrysol.2009.09.013,No,"Additive not found in the provided information, making it impossible to assess appropriateness for the battery's electrolyte requirements.",Lithium borophosphate glasses with composition 50Li2O·xB2O3·(50-x)P2O5,Not found,Not found,Not found,Not found
10.1002/pi.5878,Not found,Not found,Not found,Not found,Not found,Not found,Not found
10.1016/j.jpowsour.2020.228473,Yes,Reasonable,EC/DMC (1:1 wt) 1 M LiPF6 with 1 wt% Methylboronic acid MIDA ester (ADM) additive,Methylboronic acid MIDA ester (ADM),ADM,Methylboronic acid MIDA ester (ADM),ADM
10.1007/BF03218842,Yes,Reasonable,1M LiPF6/EC:EMC (1:2 v/v) and 1M LiClO4/PC,Tri-acrylol borate (TAB),TAB,Tri-acrylol borate,TAB
10.1039/c5cp00982k,No,Not found,Not found,Not found,Not found,Not found,Not found
10.1016/j.electacta.2018.06.170,Yes,Reasonable,"0.5 M LiTFSI, 20 vol% PP13DFOB, 80 vol% DMC",N-propyl-N-methylpiperidinium difluoro(oxalato)borate (PP13DFOB),PP13DFOB,N-propyl-N-methylpiperidinium difluoro(oxalato)borate,PP13DFOB
10.1039/d1dt00601k,No,"Electrolyte information is not provided, making it impossible to assess compatibility with the additives.",Not found,Not found,Not found,Not found,Not found
10.1021/cg010035q,Yes,Reasonable,Not found,"Lithium bis[salicylato(2-)]borate (Li(BSB)) and Lithium bis[1,2-benzenediolato(2-)-O,O']borate (Li(BBB))","Li(BSB), Li(BBB)","Lithium bis[salicylato(2-)]borate (Li(BSB)) and Lithium bis[1,2-benzenediolato(2-)-O,O']borate (Li(BBB))","Li(BSB), Li(BBB)"
10.1016/j.jpowsour.2013.09.124,No,"Additive is not found, so it cannot be determined if it is appropriate for the battery's electrolyte requirements.",Not found,Not found,Not found,Not found,Not found
10.1002/anie.202107732,Yes,Reasonable,"LiFSI-dimethyl carbonate (DMC)-bis(2,2,2-trifluoroethyl) ether (BTFE, 1.0:1.5:2.0, by mol) with 2.0 wt.% TPFPB",Tris(pentafluorophenyl)borane (TPFPB),TPFPB,Tris(pentafluorophenyl)borane,TPFPB
10.1016/j.jnoncrysol.2007.07.046,No,Additive not found in the provided information.,xLi2O-B2O3 (with x=3.0-4.5),Not found,Not found,Not found,Not found
10.1002/adfm.202010046,No,"Additive information is 'Not found', indicating it is not specified or present, which may not meet the battery's electrolyte requirements if additives are needed.",Not found,Not found,Not found,Not found,Not found
10.1016/j.surfcoat.2020.126580,Not found,Not found,1 M LiTFSI and 0.1 M LiNO3 in a mixture of DOL and DME (1:1 by volume),Not found,Not found,Not found,Not found
10.1002/ente.202500550,No,"The additive is not found, indicating it may not be present or specified, which could be inappropriate for the battery's electrolyte requirements.",Not found,Not found,Not found,Not found,Not found
10.1016/j.electacta.2013.01.026,No,"Additive is not found, so it cannot be determined if it is appropriate for the battery's electrolyte requirements.",Not found,Not found,Not found,Not found,Not found
10.1016/j.colsurfa.2025.137514,Yes,Reasonable,6 M KOH + 0.2 M Zn(CH3COO)2,Hydroxy-boron nitride nanosheets (OH-BNNSs),OH-BNNSs,Hydroxy-boron nitride nanosheets (OH-BNNSs),OH-BNNSs
10.1016/j.jpowsour.2015.12.132,Yes,Reasonable,"1 M LiPF6 in FEC:TFEC (1:1 w:w) with prop-1-ene-1,3-sultone (PES) as additive","Prop-1-ene-1,3-sultone",PES,Not found,Not found
10.1039/d0ta03677c,Yes,Reasonable,PEO/LiTFSI/h-BN composite solid polymer electrolyte,Hexagonal boron nitride (h-BN),h-BN,Hexagonal boron nitride,h-BN
10.1021/jacs.5c06741,No,"The additives Lithium Tetraborate (Li2TB) and Tris(2,2,2-trifluoroethyl) Borate (TFEB) are not commonly used or effective in lithium-ion battery electrolytes; they may not form stable SEI layers or could introduce impurities, while TTC is a siloxane-based additive not typically suitable for standard electrolytes.",Not found,Not found,Not found,Not found,Not found
10.1039/c9cc02124h,No,"Additive not found in the provided information, making it impossible to assess appropriateness for the battery's electrolyte requirements.",Not found,Not found,Not found,Not found,Not found
10.1016/j.joule.2019.03.022,Yes,Reasonable,"LATP solid electrolyte with BN coating, sometimes with PEO or liquid electrolyte (e.g., 1M LiPF6 in EC/DEC) for infiltration",Boron Nitride,BN,Boron Nitride,BN
10.1021/acsami.5c01939,Yes,Reasonable,Li2B12H12/ZrO2 nanocomposite,Zirconia (ZrO2),ZrO2,Not found,Not found
10.2320/matertrans.MAW201601,No,Additive not found in the provided information.,Li2B12H12,Not found,Not found,Not found,Not found
10.4028/www.scientific.net/AMR.652-654.896,Yes,Reasonable,Not found,Lithium bis(oxalato)borate (LiBOB) and Lithium oxalyldifluroborate (LiODFB),"LiBOB, LiODFB","Lithium bis(oxalato)borate, Lithium oxalyldifluroborate","LiBOB, LiODFB"
10.1016/j.ssi.2006.11.005,No,"The additive is not found, which may not meet the battery's electrolyte requirements as additives are often necessary for performance enhancement or stability.",Li2O–B2O3–P2O5 solid electrolyte,Not found,Not found,Not found,Not found
10.1039/c8cc08725c,Yes,Reasonable,PVDF-based gel polymer electrolyte with LiClO4 and COF additives,"Porous boron-containing covalent organic frameworks (COFs), specifically COF-1 variants like H-COF-1@10","COFs, COF-1, H-COF-1@10","Porous boron-containing covalent organic frameworks (COFs), specifically COF-1 variants like H-COF-1@10","COFs, COF-1, H-COF-1@10"
10.1021/acsami.9b22185,No,Additive not found in the provided information.,Li2+xC1-xBxO3 (LCBO),Not found,Not found,Not found,Not found
10.1016/j.electacta.2012.08.114,No,Additive not found in the provided information.,Lithium polyvinyl alcohol oxalate borate (LiPVAOB) with propylene carbonate (PC) as an assistant,Not found,Not found,Not found,Not found
10.3390/molecules26113239,No,"Electrolyte and additive information not provided, so cannot determine appropriateness.",Not found,Not found,Not found,Not found,Not found
10.1016/j.jpowsour.2012.06.044,Yes,Reasonable,Not found,"Lithium (oxalicdiolato croconato)borate (LOCB) and Lithium (1,2-benzene-diolato(2-)-o,o' croconato)borate (LBDCB)","LOCB, LBDCB","Lithium (oxalicdiolato croconato)borate (LOCB) and Lithium (1,2-benzene-diolato(2-)-o,o' croconato)borate (LBDCB)","LOCB, LBDCB"
10.1007/s10008-003-0400-1,No,"The additive 'Not found' is not specified or provided, making it impossible to determine appropriateness for the battery's electrolyte requirements.",xLi2O-B2O3 glasses (x=0.5 to x=3),Not found,Not found,Not found,Not found
10.1021/acsaem.0c02749,No,No additive found in the provided information.,1 M LiPF6 in EC:DEC,Not found,Not found,Not found,Not found
10.1016/j.electacta.2007.02.046,Yes,Reasonable,PEO-based with various lithium salts and [R_nOBF_2]_2 additives,Difluoroalkoxyborane compounds ([R_nOBF_2]_2),[R_nOBF_2]_2,Difluoroalkoxyborane compounds ([R_nOBF_2]_2),[R_nOBF_2]_2
10.1016/S0378-7753(01)00745-5,Not found,Not found,Not found,Not found,Not found,Not found,Not found
10.1039/c9cc09990e,No,Additive not found in the provided information.,LiBH4·½NH3,Not found,Not found,Not found,Not found
10.1016/j.elecom.2017.06.019,Not found,Not found,Not found,Not found,Not found,Not found,Not found
10.1021/acssuschemeng.5c00933,Yes,Reasonable,"1 M LiBOB, 0.5 M LiNO3, and 2 wt% DTD in DME","1,3,2-dioxathiolane 2,2-dioxide (DTD)",DTD,Not found,Not found
10.1149/1.3563085,Yes,Reasonable,Cross-linked salt-in-polysiloxane membranes with LiDFOB or LiBOB at 0.61 mmol/g polymer,Lithium Difluoro(oxalato)borate and Lithium Bis(oxalato)borate,"LiDFOB, LiBOB",Lithium Difluoro(oxalato)borate and Lithium Bis(oxalato)borate,"LiDFOB, LiBOB"
10.1149/1.1499669,Yes,Reasonable,1.2 M LiPF6 in PC/EC/EMC (3:3:4 by wt.) with TTFP additive,"tris(2,2,2-trifluoroethyl) phosphite",TTFP,Not found,Not found
10.1016/j.ensm.2017.12.019,Yes,Reasonable,1.0 mol L–1 LiPF6 in a mixed solvent of ethylene carbonate and diethylene carbonate (v/v = 1:1),Not found,Not found,Not found,Not found
10.1039/d0cc05611a,Yes,Reasonable,"1,2-dimethoxyethane (DME) containing 0.3 M tris(2H-hexafluoroisopropyl) borate (THFPB) with CrCl3 catalyst",tris(2H-hexafluoroisopropyl) borate (THFPB),THFPB,tris(2H-hexafluoroisopropyl) borate (THFPB),THFPB
10.1016/j.jpowsour.2009.08.038,Yes,Reasonable,Not found,"Lithium [1,2-benzenediolato(2-)-O,O' oxalato]borate (LBDOB)",LBDOB,"Lithium [1,2-benzenediolato(2-)-O,O' oxalato]borate (LBDOB)",LBDOB
10.1016/j.jpowsour.2013.09.044,No,"Electrolyte and additive information not provided or found, so cannot determine appropriateness.",Not found,Not found,Not found,Not found,Not found
10.1016/j.cej.2021.130659,Yes,Reasonable,1 M LiPF6 in 1:1 ethylene carbonate-diethyl carbonate (EC/DEC by volume) with 10% fluoroethylene carbonate additives,Fluoroethylene carbonate,FEC,Not found,Not found
10.1016/j.ceramint.2025.03.292,No,Electrolyte and additive information not provided or found.,Not found,Not found,Not found,Not found,Not found
10.1016/0378-7753(94)02173-Z,Not found,Not found,EC-DME (1:1 by volume) with 1 M LiClO4,Not found,Not found,Not found,Not found
10.1149/1.2050048,Yes,Reasonable,"Lithium bis[1,2-benzenediolato(2-)-O,O']borate in various aprotic solvents (e.g., PC, EC, THF, DME)","Lithium bis[1,2-benzenediolato(2-)-O,O']borate (Li[B(C6H4O2)2])",Li[B(C6H4O2)2],"Lithium bis[1,2-benzenediolato(2-)-O,O']borate (Li[B(C6H4O2)2])",Li[B(C6H4O2)2]
10.1016/j.jallcom.2018.06.154,Yes,Reasonable,Li7La3Zr2O12 with 65Li2O·27B2O3·8SiO2 glass additive,"Lithium Boron-Silicate Glass (65Li2O·27B2O3·8SiO2, LBS)",LBS,"Lithium Boron-Silicate Glass (65Li2O·27B2O3·8SiO2, LBS)",LBS
10.1016/j.jpowsour.2016.12.009,Yes,Reasonable,Ether-based solid polymer electrolyte (SPE) with LiTFSI or LiBF4 and LiBOB additives,Lithium bis(oxalate)borate (LiBOB),LiBOB,Lithium bis(oxalate)borate,LiBOB
10.1002/adfm.202511558,Not found,Not found,Not found,Not found,Not found,Not found,Not found
10.1002/cssc.202101227,Yes,Reasonable,0.5 M Mg(TFSI)2 in Pyr14TFSI with 2 wt.% ethylene sulfite (ES) additive,Ethylene Sulfite,ES,Not found,Not found
10.1039/c9nr04696h,No,"The additive is not found, indicating it may be missing or unspecified, which could be inappropriate for the battery's electrolyte requirements.",1M KOH,Not found,Not found,Not found,Not found
10.1016/j.jpowsour.2016.08.048,No,"The additives PBF, TMP-BF, and TPPO-BF are not commonly used or appropriate for standard lithium-ion battery electrolytes, as they may not provide the desired performance or stability compared to established additives like FEC or LiBOB.",Not found,Not found,Not found,Not found,Not found
10.1039/c2ee22509c,No,"The additive is not found, indicating it may not be suitable or present for the battery's electrolyte requirements.","Tri(3,5-dimethylphenyl)borane (Mes3B) and PhMgCl in THF",Not found,Not found,Not found,Not found
10.3390/polym10121350,Yes,Reasonable,"Poly[bis(2-(2-methoxyethoxy)ethoxy)-co-oxytrifluoroborate lithium phosphazene] with additives like LiBOB, LiTFSI, LiFSI, and EC/DMC for gel polymers","Boron trifluoride anionic groups (OBF3Li), Lithium bis(oxalato)borate (LiBOB), Lithium bis(trifluoromethanesulfonyl)imide (LiTFSI), Lithium bis(fluorosulfonyl)imide (LiFSI)","OBF3Li, LiBOB, LiTFSI, LiFSI","Boron trifluoride anionic groups (OBF3Li), Lithium bis(oxalato)borate (LiBOB)","OBF3Li, LiBOB"
10.1002/adfm.201910813,Yes,Reasonable,"Ion gel electrolyte with N-propyl-N-methylpyrrolidinium bis(trifluoromethanesulfonyl)imide (PYR13TFSI) ionic liquid, 1M LiTFSI, poly(vinylidene fluoride-co-hexafluoropropylene) (PVDF-HFP), trimethylolpropane triacrylate (TMPTA), and amine-functionalized boron nitride nanosheets (AFBNNSs) as additive",Amine-functionalized boron nitride nanosheets (AFBNNSs),AFBNNSs,Amine-functionalized boron nitride nanosheets (AFBNNSs),AFBNNSs
10.1039/c7ee02420g,No,Additive not found in the provided information,Na2(B12H12)0.5(B10H10)0.5,Not found,Not found,Not found,Not found
10.1016/j.cej.2020.126736,Yes,Reasonable,"Composite polymer electrolyte with PEGMA, B-HEMA, NaTf, TEGDME, and AIBN, prepared by in situ polymerization inside a porous PVdF-HFP matrix",Boron-containing cross-linker (B-HEMA),B-HEMA,Boron-containing cross-linker (B-HEMA),B-HEMA
10.1039/c8cp03447h,No,"Electrolyte and additive information not provided, making it impossible to assess appropriateness.",Not found,Not found,Not found,Not found,Not found
10.1016/j.apsusc.2018.02.158,Not found,Not found,Not found,Not found,Not found,Not found,Not found
10.1007/s12274-013-0293-y,No,"Electrolyte and additive information not provided, making it impossible to assess appropriateness.",Not found,Not found,Not found,Not found,Not found
10.1007/s10854-019-02267-z,Yes,Reasonable,"Li7P3S11 (LPS) with BN doping (e.g., LPS-2% BN)",Boron Nitride nanoflakes,BN,Boron Nitride,BN
10.1021/acsaem.9b02200,No,"Additive is not found, so it cannot be determined if it is appropriate for the battery's electrolyte requirements.",Not found,Not found,Not found,Not found,Not found
10.1149/1.1779407,Yes,Reasonable,"1,2-dimethoxyethane (DME) solutions containing lithium salts such as LiF, CF3COOLi, and C2F5COOLi with boronate compounds as additives","A series of fluorinated boronate compounds, including examples like 2-(2,4-Difluorophenyl)-4-fluoro-1,3,2-benzodioxaborole (compound 1), 2-(3-Trifluoromethylphenyl)-4-fluoro-1,3,2-benzodioxaborole (compound 2), and others as listed in the paper",Not found,"A series of fluorinated boronate compounds, including examples like 2-(2,4-Difluorophenyl)-4-fluoro-1,3,2-benzodioxaborole (compound 1), 2-(3-Trifluoromethylphenyl)-4-fluoro-1,3,2-benzodioxaborole (compound 2), and others as listed in the paper",Not found
10.1103/PhysRevB.85.195415,No,"Electrolyte and additive information not provided, so the additive cannot be evaluated for appropriateness.",Not found,Not found,Not found,Not found,Not found
10.1016/j.jpowsour.2013.02.005,Yes,Reasonable,Not found,"Lithium [tetra fluoro-1,2-benzenediolato(2-)-o,o' oxalato]borate (4FLBDOB)",4FLBDOB,"Lithium [tetra fluoro-1,2-benzenediolato(2-)-o,o' oxalato]borate (4FLBDOB)",4FLBDOB
10.1149/1.3374638,Yes,Reasonable,1 mol kg−1 LiCF3SO3 in EC + EMC (1:1 by volume) with boroxine compounds,Tri-isopropoxy boroxine (TiPBx),TiPBx,Tri-isopropoxy boroxine,TiPBx
10.3906/kim-1712-6,No,Electrolyte and additive information not provided or not found; cannot determine appropriateness.,Not found,Not found,Not found,Not found,Not found
10.4028/www.scientific.net/AMR.287-290.1553,No,Not found,"LiNO3-KNO3 eutectic (33.2% LiNO3, 66.8% KNO3 by weight) with 35% MgO",Not found,Not found,Not found,Not found
10.1039/c6ra02865a,No,Additive not found in the provided information.,B-PEG/PVDF/LiTFSI with [EO]:[Li+] molar ratio of 25:1,Not found,Not found,Not found,Not found
10.1021/acsaem.1c01522,Yes,Reasonable,1 M LITFSI in DOL/DME (1:1) with 0.1 M LiNO3,Lithium nitrate,LiNO3,Not found,Not found
10.1016/j.cej.2025.164545,Yes,Reasonable,0.25 M BF3-PhMgCl-3MgCl2 in THF (B1P1M3),Magnesium phenyl fluoroborate complex (MPFBC),MPFBC,Magnesium phenyl fluoroborate complex,MPFBC
10.1016/j.electacta.2017.01.045,Yes,Reasonable,PVA-H2SO4 gel polymer electrolyte with h-BN nanosheets,hexagonal boron nitride nanosheets,h-BN nanosheets,hexagonal boron nitride nanosheets,h-BN nanosheets
10.1149/2.0271507jes,No,Pyridine-Boron Trifluoride (PBF) and its derivatives are not commonly used or well-established additives in lithium-ion battery electrolytes; they may introduce instability or incompatibility issues.,Not found,Not found,Not found,Not found,Not found
10.1016/j.electacta.2004.02.010,Not found,Not found,Not found,Not found,Not found,Not found,Not found
10.1016/j.eurpolymj.2025.114016,Yes,Reasonable,Not found,Boron trifluoride tetrahydrofuran,BF3-THF,Boron trifluoride tetrahydrofuran,BF3-THF
10.1016/j.ssi.2006.01.005,Yes,Reasonable,Li2S–B2S3–Li4SiO4 glass and glass ceramics,Lithium ortho-silicate (Li4SiO4),Li4SiO4,Not found,Not found
10.1007/s11665-020-05176-z,No,"Additive not found, so it cannot be determined if it is appropriate for the battery's electrolyte requirements.",Not found,Not found,Not found,Not found,Not found
10.1080/10587250008025508,No,Additive not found in the provided information.,1M LiClO4 dissolved in a 50:50 mixture by volume of ethylene carbonate (EC) and diethyl carbonate (DEC),Not found,Not found,Not found,Not found
10.1149/2.0041610jes,No,"Pyridine Boron Trifluoride (PBF), Pyridine Phosphorus Pentafluoride (PPF), and Pyridine Sulfur Trioxide (PSO) are not commonly used or standard additives in lithium-ion battery electrolytes; they may introduce instability, toxicity, or incompatibility with the electrolyte system, potentially degrading battery performance or safety.",Not found,Not found,Not found,Not found,Not found
10.1016/j.jallcom.2019.06.321,No,"Boron Nitride (BN) is typically used as a solid filler or coating material for separators or electrodes to improve thermal stability and mechanical properties, not as an electrolyte additive. It is insoluble in common electrolytes and does not function to enhance ionic conductivity or form stable solid-electrolyte interphases like typical electrolyte additives such as FEC or VC. Therefore, it is not appropriate for the battery's electrolyte requirements.",Not found,Not found,Not found,Not found,Not found
10.1021/acsaem.0c00905,No,"Hexagonal boron nitride (h-BN) is not a typical additive for solid-state electrolytes like LLZT; it is commonly used as a solid lubricant or in thermal management, not for enhancing ionic conductivity or stability in battery electrolytes.",Not found,Not found,Not found,Not found,Not found
10.1021/acsami.0c03363,Yes,Reasonable,LiBFSIE (Lithium-containing boron-centered fluorinated single-ion conducting polymer gel electrolyte) with plasticizers PC/EC/FEC (6:3:1 by volume),Lithium bis(fluoroallyl)malonato borate (LiBFMB),LiBFMB,Lithium bis(fluoroallyl)malonato borate (LiBFMB),LiBFMB
10.1039/c6ta06317a,No,Additive not found in the provided information.,1 M LiClO4/DMF with P(GMMA-PBA) gel polymer electrolyte,Not found,Not found,Not found,Not found
10.1016/j.ensm.2018.12.023,Yes,Reasonable,1M NaClO4 in succinonitrile (SCN) with boron-containing cross-linker (B-HEMA) and polypropylene-cellulose composite nonwoven support,"Boron-based anion acceptor (B-HEMA, synthesized from trimethyl borate and 2-hydroxyethyl methacrylate)",B-HEMA,"Boron-based anion acceptor (B-HEMA, synthesized from trimethyl borate and 2-hydroxyethyl methacrylate)",B-HEMA
10.1039/c3ta00167a,Not found,Not found,"1 M LiPF6 in EC/DMC/EMC (1/1/1, w/w/w)",Not found,Not found,Not found,Not found
10.1002/asia.201301037,Yes,Reasonable,1M LiPF6 in EC/DEC (1:1 v/v) with 10 vol.% FEC additive,Fluoroethylene carbonate (FEC),FEC,Not found,Not found
10.1016/j.ssi.2007.01.011,No,Not found,Not found,Not found,Not found,Not found,Not found
10.1016/j.matchemphys.2019.01.051,No,"Additive not found in the provided information, so it cannot be determined if it is appropriate for the battery's electrolyte requirements.",Not found,Not found,Not found,Not found,Not found
10.1021/acs.jpcc.9b02945,No,Electrolyte and additive information not provided or found.,Not found,Not found,Not found,Not found,Not found
10.1149/2.0871608jes,Yes,Reasonable,"1.0 mol dm^{-3} LiPF6 in ethylene carbonate/1,2-dimethyl carbonate (1:1 v/v)","Tris(pentafluorophenyl)borane (TPFPB) and Tris(1H,1H-heptafluorobutyl)borate (THFBuBO)","TPFPB, THFBuBO","Tris(pentafluorophenyl)borane, Tris(1H,1H-heptafluorobutyl)borate","TPFPB, THFBuBO"
10.1016/j.jpowsour.2008.10.113,Yes,Reasonable,Solid polymer electrolytes composed of polyethers (PEO or P(EO/PO)) and polyanionic lithium salts (Poly(Li-Sorb) or Poly(Li-Muco)) with or without BF3·OEt2,Boron trifluoride etherate,BF3·OEt2,Boron trifluoride etherate,BF3·OEt2
10.1149/2.1091605jes,Yes,Reasonable,1 mol L⁻¹ LiPF₆ in 3:7 EC/EMC by mass,"Pyridine Boron Trifluoride, Pyridine Phosphorus Pentafluoride","PBF, PPF",Pyridine Boron Trifluoride,PBF
10.1016/j.elecom.2006.11.002,Yes,Reasonable,"1.2 M LiPF6 in EC/PC/DMC (1:1:3, by weight) with 5 wt% PFPTFBB","2-(Pentafluorophenyl)-tetrafluoro-1,3,2-benzodioxaborole (PFPTFBB)",PFPTFBB,"2-(Pentafluorophenyl)-tetrafluoro-1,3,2-benzodioxaborole",PFPTFBB
10.1002/slct.201801954,No,"Electrolyte and additive information not provided or not found, so cannot determine appropriateness.",Not found,Not found,Not found,Not found,Not found
10.1039/c2ta00628f,Yes,Reasonable,Poly(ethylene glycol) with Li triflate and triethyl borate-modified organic-inorganic composite,Triethyl borate,TEB,Triethyl borate,TEB
10.1002/chem.201101486,Yes,Reasonable,1M LiPF6 in EC/EMC (3:7 by wt.) with 2 percent FEC,"Lithium Bis(oxalato)borate (LiBOB), Lithium Oxalyldifluoroborate (LiODFB), Lithium Fluoroalkylphosphate (LiFAP)","LiBOB, LiODFB, LiFAP","Lithium Bis(oxalato)borate, Lithium Oxalyldifluoroborate","LiBOB, LiODFB"
10.1021/nl301657y,Yes,Reasonable,1 M LiPF6 in ethylene carbonate and dimethyl carbonate (1:2 ratio in volume) with 10 wt % fluoroethylene carbonate additive,Fluoroethylene carbonate,FEC,Not found,Not found
10.1002/admi.201801330,Not found,Not found,Not found,Not found,Not found,Not found,Not found
10.1002/slct.202001729,No,"Electrolyte and additive information not provided, so cannot determine appropriateness.",Not found,Not found,Not found,Not found,Not found
10.1021/acsami.9b03417,Yes,Reasonable,1.0 mol L-1 LiPF6 EC/DMC (1:1 v/v) with 2.0 wt.% trimethyl borate (TMB),trimethyl borate,TMB,trimethyl borate,TMB
10.1038/s41560-020-00734-0,Not found,Not found,"0.5 mol kg⁻¹ Mg(CB₁₁H₁₂)₂ in DME-G2 (1:1, w/w) or MMC/G4",Not found,Not found,Not found,Not found
10.1021/acs.jpclett.5c01962,No,"Boron Nitride Nanosheets (BN) are not a typical or effective additive for battery electrolytes; they are more commonly used as solid lubricants or in thermal management, not for enhancing ionic conductivity or stability in liquid electrolytes.",Not found,Not found,Not found,Not found,Not found
10.1016/j.electacta.2005.10.018,Not found,Not found,1 M LiPF6 in a 1:1 (volume ratio) mixture of ethylene carbonate/dimethyl carbonate (EC/DMC),Not found,Not found,Not found,Not found
10.1039/d0qm00094a,Yes,Reasonable,1.0 M LiPF6 in ethylene carbonate (EC) and ethyl methyl carbonate (EMC) (4:6 in weight) with 0.1 M lithium bis(oxalato)borate (LiBOB),Lithium bis(oxalato)borate (LiBOB),LiBOB,Lithium bis(oxalato)borate,LiBOB
10.1016/j.nanoen.2020.104725,No,Boron nitride nanosheets (BNNSs) are not a typical or effective additive for electrolytes in batteries; they are more commonly used as solid-state or structural materials rather than soluble additives that enhance ionic conductivity or SEI formation.,Not found,Not found,Not found,Not found,Not found
10.1177/0967391119848531,No,Additive not found in the provided information.,Not found,Not found,Not found,Not found,Not found
10.1002/aenm.201501733,Yes,Reasonable,1 M LiTFSI in DME/DOL (1:1) with 2 wt% LiNO3,Lithium nitrate,LiNO3,Not found,Not found
10.1016/j.jpowsour.2009.09.023,No,Additive not found in the provided information,Not found,Not found,Not found,Not found,Not found
10.1021/acs.jpcc.6b09097,Yes,Reasonable,1.0 M LiPF6 in EMC/DMC/EC (5/2/3 by weight),Triethyl borate,TEB,Triethyl borate,TEB
10.1016/j.jpowsour.2025.237839,Not found,Not found,NaPF6 in DME,Not found,Not found,Not found,Not found
10.1080/01496395.2017.1291681,No,"Electrolyte and additive information not provided, so cannot determine appropriateness.",Not found,Not found,Not found,Not found,Not found
10.1021/la011354m,No,Additive not found in the provided information,1 M LiPF6 in EC/DMC (2:1 v/v) or 1 M LiBF4 in EC/DMC (2:1 v/v),Not found,Not found,Not found,Not found
10.1016/j.ssi.2015.06.004,No,Electrolyte and additive information not provided or found.,Not found,Not found,Not found,Not found,Not found
10.1016/j.elecom.2012.01.026,No,Additive not found in the provided information,Mes3B-(PhMgCl)2/THF,Not found,Not found,Not found,Not found
10.1021/acsaem.9b00610,No,No additive found in the provided information.,0.5 M TBAPF6 in MeCN,Not found,Not found,Not found,Not found
10.1021/acsami.0c09948,No,"Additive information is not provided or found, so it cannot be determined if it is appropriate.",Not found,Not found,Not found,Not found,Not found
10.1002/slct.201900874,Not found,Not found,1M LiPF6/EC:DMC (1:2),Not found,Not found,Not found,Not found
10.1016/j.tsf.2019.06.055,No,Additive not found in the provided information.,Lithium boron phosphorus oxynitride (LiBPON) thin film,Not found,Not found,Not found,Not found
10.1016/j.jfluchem.2014.08.003,No,Electrolyte and additive information not provided or found.,Not found,Not found,Not found,Not found,Not found
10.1039/c7ta05009g,No,Additive not found in the provided information.,0.5 M LiClO4 dissolved in dimethyl sulfoxide (DMSO),Not found,Not found,Not found,Not found
10.1016/j.jpowsour.2011.07.065,Not found,Not found,Not found,Lithium Difluoro(oxalato)borate (LiDFOB),LiDFOB,Lithium Difluoro(oxalato)borate,LiDFOB
10.1016/j.electacta.2006.03.023,Yes,Reasonable,1 M anhydrous LiPF6 in a 1:1 mixture of ethylene carbonate (EC) and dimethyl carbonate (DMC),Not found,Not found,Not found,Not found
10.1021/acsaem.0c02486,No,"Additive information is not provided or found, making it impossible to assess appropriateness.",0.7 M LiBOB in EC/DEC (1:1 by volume),Not found,Not found,Not found,Not found
10.1039/d5ta01263e,Not found,Not found,Not found,Not found,Not found,Not found,Not found
10.1002/app.35081,No,Not found,Crosslinked polymer electrolytes doped with lithium trifluoromethanesulfonate (CF3SO3Li),Not found,Not found,Not found,Not found
10.1016/S0378-7753(97)02588-3,No,Additive not found in the provided information.,BPO_4:0.035Li_2O,Not found,Not found,Not found,Not found
10.1016/j.cclet.2024.109775,No,"Boron nitride (BN) is not a common or effective additive for battery electrolytes as it is insoluble and inert, not contributing to the desired properties like SEI formation or conductivity enhancement.",Not found,Not found,Not found,Not found,Not found
10.1039/c6cp01309k,Yes,Reasonable,1 mol L⁻¹ LiPF₆ in EC/EMC (3:7 by mass),"Vinylene carbonate (VC), Fluoroethylene carbonate (FEC), Pyridine boron trifluoride (PBF), Prop-1-ene-1,3-sultone (PES)","VC, FEC, PBF, PES",Pyridine boron trifluoride,PBF
10.1007/s00289-011-0575-z,No,No additive information provided to evaluate appropriateness.,"Hyperbranched organoboron polymer electrolytes derived from glycerol and triethylene glycol, with lithium salts such as LiTFSI, LiCF3SO3, or LiClO4 added",Not found,Not found,Not found,Not found
10.1016/j.jpowsour.2010.08.020,No,No additive information provided to assess appropriateness.,Polymer electrolytes based on PVA-PEGME copolymers doped with CF3SO3Li at various EO/Li ratios,Not found,Not found,Not found,Not found
10.1016/j.ssi.2013.07.009,No,"Additive is not found, so it cannot be appropriate for the battery's electrolyte requirements.",Lithium borophosphate (LiPOB) thin films,Not found,Not found,Not found,Not found
10.1016/j.jpowsour.2010.08.082,Yes,Reasonable,"0.4 M Li2B12F12 in EC/DMC (1:1 volume), 0.4 M Li2B12F8H4 in EC/DMC (1:1 volume), 1 M LiPF6 in EC/DMC (1:1 volume)",Lithium polyfluorododecaborate (Li2B12F12 and Li2B12F8H4),"Li2B12F12, Li2B12F8H4",Lithium polyfluorododecaborate (Li2B12F12 and Li2B12F8H4),"Li2B12F12, Li2B12F8H4"
10.5796/electrochemistry.78.467,Yes,Reasonable,1M LiPF6 in EC/EMC (3:7 by wt.) with 2% FEC,Not found,Not found,Not found,Not found
10.1002/smll.201801420,No,"Additive is not found, so it cannot be evaluated for appropriateness.",Not found,Not found,Not found,Not found,Not found
10.1016/j.matchemphys.2010.05.041,No,"Boron carbide (B4C) and boron nitride (BN) are solid additives and not soluble in aqueous electrolytes, making them unsuitable for typical battery electrolyte applications where additives should be soluble to function effectively.",Not found,Not found,Not found,Not found,Not found
10.1149/1.1837334,Yes,Reasonable,1.0 m LiClO4 in 1:2 BEG-1:EC mixture by weight,Boric acid esters of glycol (BEG-1),BEG-1,Boric acid esters of glycol (BEG-1),BEG-1
10.1016/j.ssi.2014.06.001,Yes,Reasonable,"1 mol L−1 LiPF6 in EC/DEC/EMC (1:1:1, by volume)",Lithium bisoxalatoborate (LiBOB) and Lithium difluorooxalatoborate (LiDFOB),"LiBOB, LiDFOB","Lithium bisoxalatoborate, Lithium difluorooxalatoborate","LiBOB, LiDFOB"
10.1038/s41598-017-16597-7,Yes,Reasonable,"Mixture of [P4,4,4,8][BScB] ionic liquid and diethylene glycol dibutyl ether (DEGDBE) in 1:5 molar ratio with Li[BScB] salt at various concentrations",Lithium bis(salicylato)borate (Li[BScB]),Li[BScB],Lithium bis(salicylato)borate,Li[BScB]
10.1016/j.electacta.2013.11.030,Not found,"Additive not provided, cannot determine appropriateness","LiNO3-KNO3-Mg(OH)NO3 (25.5%, 61.3%, and 13.2% respectively) ternary eutectic electrolyte",Not found,Not found,Not found,Not found
10.1038/s41467-021-25610-7,Yes,Reasonable,"1 M NaPF6 in ethylene carbonate (EC) and diethyl carbonate (DEC) (1:1 in volume; with the addition of 5 vol.% fluoroethylene carbonate, FEC)",Not found,Not found,Not found,Not found
10.1021/acsnano.9b04989,No,Additive not found in the provided information.,Not found,Not found,Not found,Not found,Not found
10.1016/j.electacta.2017.01.005,Yes,Reasonable,"1.0 M LiPF6 in EC/EMC/DEC (3/5/2, in weight)",Tripropyl borate,TPB,Tripropyl borate,TPB
10.1080/1536383X.2018.1562445,No,"Additive not found in the provided information, so it cannot be assessed for appropriateness.",Not found,Not found,Not found,Not found,Not found
10.1016/j.jpowsour.2013.09.028,Yes,Reasonable,Not found,"Tris(pentafluorophenyl)borane, Lithium Difluoro(oxalato)borate, and others","TPFPB, LiDFOB, and others","Tris(pentafluorophenyl)borane, Lithium Difluoro(oxalato)borate","TPFPB, LiDFOB"
10.1002/aenm.201501755,Not found,Not found,"1M LiPF6 in a 1:1:1 (v/v/v) mixture of ethylene carbonate, propylene carbonate, and dimethyl carbonate",Not found,Not found,Not found,Not found
10.1149/2.1211610jes,Yes,Reasonable,"Various, including 1M LiPF6 in EC:EMC (3:7 wt%), 1M LiPF6 in SL:EMC (3:7 wt%), and 1M LiPF6 in FEC:TFEC (1:1 wt%) with additives like VC, PES, TAP, etc.","Triallyl Phosphate, Vinylene Carbonate, Prop-1-ene Sultone, Pyridine Boron Trifluoride, and others","TAP, VC, PES, PBF, and others",Pyridine Boron Trifluoride,PBF
10.1007/s10800-006-9175-2,Yes,Reasonable,Saturated solution (~0.6 mol kg⁻¹) of LiBOB in ethylene carbonate (EC) – propylene carbonate (PC) – dimethyl carbonate (DMC) (1:1:3 by wt.),Lithium bis(oxalato)borate (LiBOB),LiBOB,Lithium bis(oxalato)borate,LiBOB
10.1021/acs.chemmater.7b03284,No,"Additive not found, hence cannot be evaluated for appropriateness.",Not found,Not found,Not found,Not found,Not found
10.1016/S0378-7753(00)00425-0,Yes,Reasonable,1 M LiF + 1 M tris(pentafluorophenyl)borane (TPFPB) in DME or PC:EC:DMC (1:1:3),tris(pentafluorophenyl)borane,TPFPB,tris(pentafluorophenyl)borane,TPFPB
10.1149/1.1390343,Yes,Reasonable,"EC-DME equimolar binary solution with LBSB, 3-MLBSB, DCLBSB, or TCLBSB","Lithium bis(salicylato(2-))borate (LBSB), Lithium bis(3-methylsalicylato(2-))borate (3-MLBSB), Lithium bis(3,5-dichlorosalicylato(2-))borate (DCLBSB), Lithium bis(3,5,6-trichlorosalicylato(2-))borate (TCLBSB)","LBSB, 3-MLBSB, DCLBSB, TCLBSB","Lithium bis(salicylato(2-))borate (LBSB), Lithium bis(3-methylsalicylato(2-))borate (3-MLBSB), Lithium bis(3,5-dichlorosalicylato(2-))borate (DCLBSB), Lithium bis(3,5,6-trichlorosalicylato(2-))borate (TCLBSB)","LBSB, 3-MLBSB, DCLBSB, TCLBSB"
10.3390/nano11020390,No,Boron trioxide (B2O3) is not a typical or effective additive for lithium-ion battery electrolytes; it is insoluble and can lead to poor ionic conductivity and potential side reactions.,Not found,Not found,Not found,Not found,Not found
10.1002/adfm.202500255,Yes,Reasonable,1M NaPF6 in EC/PC with FEC,Fluoroethylene carbonate,FEC,Not found,Not found
10.1002/aenm.202502592,No,"The additive is not found, indicating it may not be specified or present, which could be inappropriate for the battery's electrolyte requirements.",Not found,Not found,Not found,Not found,Not found
10.1039/c8ee02437e,Not found,Not found,Not found,Not found,Not found,Not found,Not found
10.1021/acs.chemmater.9b03188,No,"Ammonia borane (AB) is not typically used as an additive in conventional lithium-ion battery electrolytes due to its instability and potential for decomposition, which can lead to safety issues and reduced battery performance. It is more commonly studied in solid-state or other battery types, not in standard liquid electrolytes.",Not found,Not found,Not found,Not found,Not found
10.1002/adfm.201902245,Yes,Reasonable,1.0 M LiPF6 in ethylene carbonate/diethyl carbonate (EC/DEC) (50/50 (v/v)),Not found,Not found,Not found,Not found
10.1007/s12274-020-3245-3,Yes,Reasonable,1 M LiTFSI in DOL/DME (1:1 v/v) with 1 wt.% LiNO3,Lithium nitrate,LiNO3,Not found,Not found
10.1016/j.jpowsour.2019.03.081,Yes,Reasonable,"HSPE or PSPE with LiTFSI salt, [Li+]:[EO] mole ratio 1:20",Poly(ethylene glycol)-borate ester (B-PEG),B-PEG,Poly(ethylene glycol)-borate ester (B-PEG),B-PEG
10.1021/acs.chemmater.7b01189,No,"Additive information is not found, so it cannot be determined if it is appropriate for the battery's electrolyte requirements.",Not found,Not found,Not found,Not found,Not found
10.1016/j.electacta.2017.05.170,Yes,Reasonable,"Solutions in diglyme and propylene carbonate (PC), and solid polymer electrolytes with PEO",Bis(carboxytrifluoroborate lithium) salts (BCB3 and BCB11),"BCB3, BCB11",Bis(carboxytrifluoroborate lithium) salts (BCB3 and BCB11),"BCB3, BCB11"
10.1016/j.jpowsour.2019.01.004,Yes,Reasonable,PIL/IL/BNNS composite with 0.5 mol kg-1 LiTFSI in IL,Boron Nitride Nanosheet (BNNS),BNNS,Boron Nitride Nanosheet (BNNS),BNNS
10.1002/batt.202000048,Yes,Reasonable,"Proprietary electrolyte containing LiPF6, ethylene carbonate, propylene carbonate, diethyl carbonate, and additives including sulfur and boron compounds (likely LiBOB and propane sultone)",Lithium bis(oxalato)borate (LiBOB) and propane sultone (proprietary additives),"LiBOB, propane sultone",Lithium bis(oxalato)borate,LiBOB
10.1002/adfm.202505843,No,Additive not found in the provided information,Not found,Not found,Not found,Not found,Not found
10.1021/acsenergylett.1c00907,Yes,Reasonable,4 M LiDFOB + LiTFSI / DME,Lithium Difluoro(oxalato)borate (LiDFOB),LiDFOB,Lithium Difluoro(oxalato)borate,LiDFOB
10.1021/acs.jpcb.1c02383,Not found,Not found,Solutions of LiTFSI in [Emim][TFSI] with molalities 0.5 and 2.5 mol·kg⁻¹,Not found,Not found,Not found,Not found
10.1016/j.jpowsour.2016.09.012,Yes,Reasonable,1 M LiPF6 in FEC:TFEC (1:1 w:w) with 2% PES and other additives,"Prop-1-ene-1,3-sultone (PES), Methylene Methane Disulfonate (MMDS), Ethylene Sulfite (ES), Propanediol Cyclic Sulfate (TMS), 1,3,2-Dioxathiolan-2,2-oxide (DTD), Tris Trimethylsilyl Phosphite (TTSPi), Triallyl Phosphate (TAP)","PES, MMDS, ES, TMS, DTD, TTSPi, TAP",Not found,Not found
10.1021/acssuschemeng.9b05155,Yes,Reasonable,1 M LiPF6 in EC/DEC/DMC (1:1:1 by volume) with 1 vol% fluoroethylene carbonate (FEC),Fluoroethylene carbonate,FEC,Not found,Not found
10.1002/adma.202007864,Yes,Reasonable,"Layered heterostructure ionogel electrolytes: high-potential part with EMIM-TFSI and 1M LiTFSI, low-potential part with EMIM-FSI and 1M LiTFSI, gelled with hBN nanoplatelets",Not found,Not found,Not found,Not found
10.1149/1945-7111/ab8ed6,Yes,Reasonable,"1.2M LiPF6 in EC:EMC:DMC 25:5:70 or EC:DMC 3:7 or EC:EMC 3:7, with additives like PDO, pMODO, pFDO, pNDO, DTD, LFO, VC, etc.","3-phenyl-1,4,2-dioxazol-5-one (PDO), p-(4-methoxyphenyl)-1,4,2-dioxazol-5-one (pMODO), p-(4-fluorophenyl)-1,4,2-dioxazol-5-one (pFDO), p-(4-nitrophenyl)-1,4,2-dioxazol-5-one (pNDO)","PDO, pMODO, pFDO, pNDO",Not found,Not found
10.1039/c8nj02394h,Yes,Reasonable,1 M NaClO4 in EC/DEC (1:1) with 5% wt. FEC,Fluoroethylene carbonate,FEC,Not found,Not found
10.1149/2.1021509jes,No,"The additive is not found, making it impossible to determine appropriateness for the battery's electrolyte requirements.",Not found,Not found,Not found,Not found,Not found
10.1149/2.0241508jes,No,Pyridine-Boron Trifluoride (PBF) is not a common or appropriate additive for lithium-ion battery electrolytes; it may introduce instability or incompatibility issues.,Not found,Not found,Not found,Not found,Not found
10.1002/adfm.202006683,Yes,Reasonable,"PEO composite with LiTFSI, TEGDME, ionic liquid, and S-hBN platelets, free of volatile organic solvents",Silane-treated hexagonal boron nitride (S-hBN),S-hBN,Silane-treated hexagonal boron nitride (S-hBN),S-hBN
10.1021/acsami.0c16354,Yes,Reasonable,"1.0 M lithium bis(trifluoromethane sulfonimide) in a mixture of 1,3-dioxalane and dimethyl ether (1:1 by volume) with 1 wt % LiNO3 for symmetric cells; 1.0 M lithium hexafluorophosphate in a 50:50 (w/w) mixture of ethylene carbonate and diethyl carbonate for full cells",Lithium nitrate (LiNO3),LiNO3,Not found,Not found
10.1016/j.electacta.2014.03.151,Yes,Reasonable,GO-B-PVA/KOH gel electrolyte saturated with 6 M KOH solution,Boric acid (boron cross-linking agent),Not found,Boric acid (boron cross-linking agent),Not found
10.1002/ente.201402010,Not found,Not found,Not found,Not found,Not found,Not found,Not found
10.1016/j.jfluchem.2020.109672,Yes,Reasonable,Tetraglyme (G4) with saturated CsF and 0.5 M DiOB-Py or DiOB-An,"4-(4,4,5,5-tetramethyl-1,3,2-dioxaborolan-2-yl)pyridine (DiOB-Py) and N,N-diethyl-4-(4,4,5,5-tetramethyl-1,3,2-dioxaborolan-2-yl)aniline (DiOB-An)","DiOB-Py, DiOB-An","4-(4,4,5,5-tetramethyl-1,3,2-dioxaborolan-2-yl)pyridine (DiOB-Py) and N,N-diethyl-4-(4,4,5,5-tetramethyl-1,3,2-dioxaborolan-2-yl)aniline (DiOB-An)","DiOB-Py, DiOB-An"
10.1021/acsami.9b19091,No,"Electrolyte and additive information not provided or found, cannot determine appropriateness.",Not found,Not found,Not found,Not found,Not found
10.1021/acsaem.5c01264,No,"Electrolyte and additive information not provided or found, so cannot assess appropriateness.",Not found,Not found,Not found,Not found,Not found
10.1016/j.electacta.2008.04.070,Yes,Reasonable,EC/1 M LiClO4 or EC/PC/1 M LiClO4,tris(methoxy diethylene glycol) borate (TMDGB),TMDGB,tris(methoxy diethylene glycol) borate,TMDGB
10.1016/j.jcis.2021.04.114,Not found,Not found,2 M KOH aqueous electrolyte,Not found,Not found,Not found,Not found
10.1016/j.ssi.2013.07.013,Not found,Not found,1 M LiPF6 in ethylene carbonate/diethyl carbonate EC/DEC = 3:7 by weight,Not found,Not found,Not found,Not found
10.1149/1.1651528,No,"The additive Lithium (malonato oxalato) borate (LiMOB) may not be appropriate as the electrolyte is not specified, making it impossible to verify compatibility or requirements.",Not found,Not found,Not found,Not found,Not found
10.1016/j.electacta.2011.02.070,Yes,Reasonable,6 M KOH solution with 0.09 M ethylenediamine (EDA) additive,Ethylenediamine,EDA,Not found,Not found
10.1002/adma.201801409,Not found,Not found,1 mol L⁻¹ LiPF₆ in a 50:50 w/w mixture of dimethyl carbonate (DMC) and ethylene carbonate (EC),Not found,Not found,Not found,Not found
10.1021/acs.energyfuels.0c03719,No,Not found,Not found,Not found,Not found,Not found,Not found
10.1016/j.jpowsour.2009.10.083,Yes,Reasonable,"Mixture of LiBF4 and lithium difluoro(oxalato)borate (LiBF2(C2O4)) in various solvents including imidazolium ionic liquid, EC, PC, DMC, and others",Lithium difluoro(oxalato)borate (LiDFOB) and LiBF4,"LiDFOB, LiBF4","Lithium difluoro(oxalato)borate, LiBF4","LiDFOB, LiBF4"
10.1016/j.chemphys.2019.110582,Yes,Reasonable,"1M NaClO4 in propylene carbonate and fluoroethylene carbonate (PC : FEC, 97 : 3 wt%)",Boron-doping (B),B,Boron-doping (B),B
10.1021/acsami.5b00618,Yes,Reasonable,Polymer composite electrolyte based on organic/inorganic hybrid branched copolymer with core-shell silica fillers and LiClO4 salt,Core-shell silica particles with poly(ethylene glycol) and anion-trapping boron moiety,Si-B,Core-shell silica particles with poly(ethylene glycol) and anion-trapping boron moiety,Si-B
10.1021/acssuschemeng.8b00378,Yes,Reasonable,"1.0 M LiN(SO2CF3)2 (LiTFSI)/1,3-dioxolane (DOL) + dimethyl ether (DME) (1:1 by volume ratio) with 2 wt% LiNO3",Lithium bis(oxalato)borate (LiBOB),LiBOB,Lithium bis(oxalato)borate,LiBOB
10.1002/smll.201600358,No,Additive not found in the provided information.,g-BN nanosheets confining EMI-TFSI ionic liquid with LiTFSI salt (Li-IL),Not found,Not found,Not found,Not found
10.1021/jp104341t,Yes,Reasonable,1.2 M LiPF6 in EC/EMC (3:7 by volume),"2-(2,4-difluorophenyl)tetrafluoro-1,3,2-benzodioxaborole (AR01), 2,5-bis(trifluoromethylphenyl)tetrafluoro-1,3,2-benzodioxaborole (AR02), tris(1,1,1,3,3,3-hexafluoroisopropyl) borate (AR03), bis(1,1,1,3,3,3-hexafluoroisopropyl)pentafluorophenylboronate (AR04)","AR01, AR02, AR03, AR04","2-(2,4-difluorophenyl)tetrafluoro-1,3,2-benzodioxaborole (AR01), 2,5-bis(trifluoromethylphenyl)tetrafluoro-1,3,2-benzodioxaborole (AR02), tris(1,1,1,3,3,3-hexafluoroisopropyl) borate (AR03), bis(1,1,1,3,3,3-hexafluoroisopropyl)pentafluorophenylboronate (AR04)","AR01, AR02, AR03, AR04"
10.1002/celc.202100125,Not found,Not found,1M LiPF6 dissolved in a mixture of ethylene carbonate and dimethyl carbonate (1:1 in volume ratio),Not found,Not found,Not found,Not found
10.1016/j.est.2025.116418,Yes,Reasonable,ZnSO4 with B-C3N4QDs additive (B-doped graphitic carbon nitride quantum dots),B-doped graphitic carbon nitride quantum dots,B-C3N4QDs,B-doped graphitic carbon nitride quantum dots,B-C3N4QDs
10.1002/adfm.202508225,No,"Electrolyte and additive information not provided or found, making it impossible to assess appropriateness.",Not found,Not found,Not found,Not found,Not found
10.1021/acsaem.4c03245,Yes,Reasonable,1 M LiPF6 in EC:DMC (1:1 by volume) with 5% FEC additive,Fluoroethylene Carbonate (FEC),FEC,Not found,Not found
10.1002/aenm.202500776,Yes,Reasonable,"1.0 M NaClO4 in PC with 5% FEC, photopolymerized with ETPTA and HMPP initiator, reinforced with 1% BNNSs",Boron Nitride Nanosheets,BNNSs,Boron Nitride Nanosheets,BNNSs
10.1007/s11426-024-2597-0,Yes,Reasonable,"1M LiFSI and 1M LiNO3 in 1,2-dimethoxyethane (DME)",Tris(hexafluoroisopropyl)borate,THFPB,Tris(hexafluoroisopropyl)borate,THFPB
10.1002/adfm.202504367,Yes,Reasonable,0.7 M LiDFOB in TMP,Lithium Difluoro(oxalato)borate (LiDFOB),LiDFOB,Lithium Difluoro(oxalato)borate,LiDFOB
10.1016/j.ensm.2025.104239,Yes,Reasonable,1.0 M LiBOB in DME/FEC/HFE (3/5/2 by volume),Lithium bis(oxalate)borate (LiBOB) and Hydrofluoroether (HFE),"LiBOB, HFE",Lithium bis(oxalate)borate,LiBOB
10.1002/anie.202506036,No,"Electrolyte and additive information is not provided or found, so the appropriateness cannot be determined.",Not found,Not found,Not found,Not found,Not found
10.1002/chem.202500800,No,"The additive is not found, so it cannot be determined if it is appropriate for the battery's electrolyte requirements.",Not found,Not found,Not found,Not found,Not found
10.1016/j.nanoen.2025.111083,Yes,Reasonable,"1 mol NaPF6 in a 1:4 volume ratio of propylene carbonate (PC) and ethyl methyl carbonate (EMC), with 2 wt% fluorinated ethylene carbonate (FEC)",Sodium difluorooxalate borate (NaDFOB),NaDFOB,Sodium difluorooxalate borate,NaDFOB
10.1016/j.jelechem.2025.119106,No,Additive not found in the provided information.,Aqueous ZnSO4 with concentrations ranging from 0.5 M to 2 M,Not found,Not found,Not found,Not found
10.1016/j.jcis.2025.137618,Yes,Reasonable,1 M lithium di(trifluoromethane sulfonyl)imide solution with 2 wt% LiNO3 in a mixed solvent of DOL and DME (1:1 vol ratio),Lithium nitrate,LiNO3,Not found,Not found
10.3390/nano15070481,Yes,Reasonable,1.0 mol L⁻¹ KOH aqueous solution,Not found,Not found,Not found,Not found
10.1021/acs.nanolett.4c03750,No,"Additive not found in the provided information, making it impossible to determine appropriateness for the battery's electrolyte requirements.",Not found,Not found,Not found,Not found,Not found
10.1021/acs.nanolett.5c00896,Yes,Reasonable,2M LiPF6 in EMC with TMSB additive,Tris(trimethylsiloxy)boron (TMSB),TMSB,Tris(trimethylsiloxy)boron,TMSB
10.1039/d5ta02390d,No,"Electrolyte and additive information is not provided, so it is impossible to determine appropriateness.",Not found,Not found,Not found,Not found,Not found
10.1021/acsnano.5c01430,No,"Electrolyte and additive information not provided, so cannot determine appropriateness.",Not found,Not found,Not found,Not found,Not found
10.1016/j.ensm.2025.104243,Not found,Not found,Not found,Not found,Not found,Not found,Not found
10.1016/j.cej.2025.162144,Yes,Reasonable,1.0 mol L-1 NaPF6 in EC/DMC (1:1 by mass) with 5.0% FEC,"Sodium tetrakis[3,5-bis(trifluoromethyl)phenyl]borate (NaTFPB)",NaTFPB,"Sodium tetrakis[3,5-bis(trifluoromethyl)phenyl]borate",NaTFPB
10.1002/anie.202503376,Yes,Reasonable,ZnSO4 with 0.05 M ZnF2 additive,Zinc Fluoride (ZnF2),ZnF2,Not found,Not found
10.1016/j.cej.2025.161776,No,Electrolyte and additive information not provided or found.,Not found,Not found,Not found,Not found,Not found
10.1016/j.jpowsour.2025.236988,Yes,Reasonable,"1M LiPF6, EC:EMC (30:70 wt%) + 2 wt% VC",Vinylene Carbonate,VC,Not found,Not found
10.1002/celc.202500011,No,"Hexagonal Boron Nitride (h-BN) is not a typical electrolyte additive; it is a solid lubricant and insulator, not soluble in liquid electrolytes, making it inappropriate for standard battery electrolyte requirements.",Not found,Not found,Not found,Not found,Not found
